amount.sum,amount_type.code,demarcation.code,financial_year_end.year
3501274563.0,ADJB,BUF,2020
3641612718.0,AUDA,BUF,2020
3512701832.0,ADJB,BUF,2021
3379190427.0,AUDA,BUF,2021
2671304206.0,ADJB,BUF,2022
3379708041.0,AUDA,BUF,2022
2478062243.0,ADJB,BUF,2023
3717308939.0,AUDA,BUF,2023
2409866923.0,ADJB,BUF,2024
3493243319.0,AUDA,BUF,2024
13878721142.0,ADJB,CPT,2020
7921082510.0,AUDA,CPT,2020
14392869622.0,ADJB,CPT,2021
9248838304.0,AUDA,CPT,2021
13795154265.0,ADJB,CPT,2022
8301760439.0,AUDA,CPT,2022
16159552051.0,ADJB,CPT,2023
11991460969.0,AUDA,CPT,2023
20825222747.0,ADJB,CPT,2024
14278070288.0,AUDA,CPT,2024
40085091.0,ADJB,DC1,2020
28786059.0,AUDA,DC1,2020
36458176.0,ADJB,DC1,2021
29785910.0,AUDA,DC1,2021
48329323.0,ADJB,DC1,2022
39090793.0,AUDA,DC1,2022
58696119.0,ADJB,DC1,2023
45653626.0,AUDA,DC1,2023
184916028.0,ADJB,DC1,2024
79412340.0,AUDA,DC1,2024
10240000.0,ADJB,DC10,2020
11427843.0,AUDA,DC10,2020
10312200.0,ADJB,DC10,2021
14005694.0,AUDA,DC10,2021
26202000.0,ADJB,DC10,2022
6618206.0,AUDA,DC10,2022
21127000.0,ADJB,DC10,2023
6103313.0,AUDA,DC10,2023
16857000.0,ADJB,DC10,2024
10005628.0,AUDA,DC10,2024
605629032.0,ADJB,DC12,2020
109289161.0,AUDA,DC12,2020
509183604.0,ADJB,DC12,2021
409232937.0,AUDA,DC12,2021
597570250.0,ADJB,DC12,2022
374835944.0,AUDA,DC12,2022
945170216.0,ADJB,DC12,2023
271578702.0,AUDA,DC12,2023
705215748.0,ADJB,DC12,2024
521439818.0,AUDA,DC12,2024
647932419.0,ADJB,DC13,2020
216188086.0,AUDA,DC13,2020
802243058.0,ADJB,DC13,2021
218284585.0,AUDA,DC13,2021
877344156.0,ADJB,DC13,2022
221941562.0,AUDA,DC13,2022
899646831.0,ADJB,DC13,2023
236210638.0,AUDA,DC13,2023
889643386.0,ADJB,DC13,2024
243774624.0,AUDA,DC13,2024
297379568.0,ADJB,DC14,2020
321047607.0,AUDA,DC14,2020
364550075.0,ADJB,DC14,2021
243587493.0,AUDA,DC14,2021
434672246.0,ADJB,DC14,2022
290523330.0,AUDA,DC14,2022
331766667.0,ADJB,DC14,2023
219194514.0,AUDA,DC14,2023
377350100.0,ADJB,DC14,2024
293591243.0,AUDA,DC14,2024
1604380848.0,ADJB,DC15,2020
372462573.0,AUDA,DC15,2020
1528049202.0,ADJB,DC15,2021
392801057.0,AUDA,DC15,2021
1069760348.0,ADJB,DC15,2022
260407195.0,AUDA,DC15,2022
1038593114.0,ADJB,DC15,2023
288776160.0,AUDA,DC15,2023
1407790123.0,ADJB,DC15,2024
563418780.0,AUDA,DC15,2024
1898450.0,ADJB,DC16,2020
2413772.0,AUDA,DC16,2020
2216850.0,ADJB,DC16,2021
2746411.0,AUDA,DC16,2021
2313033.0,ADJB,DC16,2022
3598993.0,AUDA,DC16,2022
2702767.0,ADJB,DC16,2023
4033025.0,AUDA,DC16,2023
25332577.0,ADJB,DC16,2024
4318643.0,AUDA,DC16,2024
25360218.0,ADJB,DC18,2020
7167235.0,AUDA,DC18,2020
22754304.0,ADJB,DC18,2021
18965980.0,AUDA,DC18,2021
22598755.0,ADJB,DC18,2022
12832290.0,AUDA,DC18,2022
18202064.0,ADJB,DC18,2023
7465375.0,AUDA,DC18,2023
18453674.0,ADJB,DC18,2024
15246408.0,AUDA,DC18,2024
8240123.0,ADJB,DC19,2020
5550810.0,AUDA,DC19,2020
9403722.0,ADJB,DC19,2021
6816328.0,AUDA,DC19,2021
12864415.0,ADJB,DC19,2022
3121188.0,AUDA,DC19,2022
8667877.0,ADJB,DC19,2023
3557621.0,AUDA,DC19,2023
18688224.0,ADJB,DC19,2024
4058885.0,AUDA,DC19,2024
28468497.0,ADJB,DC2,2020
20466192.0,AUDA,DC2,2020
24159597.0,ADJB,DC2,2021
21220093.0,AUDA,DC2,2021
33546052.0,ADJB,DC2,2022
18990203.0,AUDA,DC2,2022
50769771.0,ADJB,DC2,2023
39802177.0,AUDA,DC2,2023
95846870.0,ADJB,DC2,2024
62337746.0,AUDA,DC2,2024
14896000.0,ADJB,DC20,2020
14906193.0,AUDA,DC20,2020
8181000.0,ADJB,DC20,2021
11762448.0,AUDA,DC20,2021
14037301.0,ADJB,DC20,2022
13348362.0,AUDA,DC20,2022
11360500.0,ADJB,DC20,2023
11440522.0,AUDA,DC20,2023
11605000.0,ADJB,DC20,2024
12468743.0,AUDA,DC20,2024
609784008.0,ADJB,DC21,2020
234531692.0,AUDA,DC21,2020
513897625.0,ADJB,DC21,2021
8978698059.0,AUDA,DC21,2021
601577105.0,ADJB,DC21,2022
8525025630.0,AUDA,DC21,2022
749462823.0,ADJB,DC21,2023
8740298459.0,AUDA,DC21,2023
676951876.0,ADJB,DC21,2024
8981828412.0,AUDA,DC21,2024
300164235.0,ADJB,DC22,2020
138251122.0,AUDA,DC22,2020
342709497.0,ADJB,DC22,2021
229484013.0,AUDA,DC22,2021
273616128.0,ADJB,DC22,2022
473304740.0,AUDA,DC22,2022
360895016.0,ADJB,DC22,2023
480956503.0,AUDA,DC22,2023
292863267.0,ADJB,DC22,2024
289061362.0,AUDA,DC22,2024
320374266.0,ADJB,DC23,2020
85034383.0,AUDA,DC23,2020
389909955.0,ADJB,DC23,2021
393062808.0,AUDA,DC23,2021
364506140.0,ADJB,DC23,2022
140506698.0,AUDA,DC23,2022
371732988.0,ADJB,DC23,2023
146479612.0,AUDA,DC23,2023
473741002.0,ADJB,DC23,2024
190878713.0,AUDA,DC23,2024
570035911.0,ADJB,DC24,2020
688055321.0,AUDA,DC24,2020
383939300.0,ADJB,DC24,2021
857624328.0,AUDA,DC24,2021
489227790.0,ADJB,DC24,2022
1079840825.0,AUDA,DC24,2022
448640596.0,ADJB,DC24,2023
1318181504.0,AUDA,DC24,2023
352089683.0,ADJB,DC24,2024
1640253365.0,AUDA,DC24,2024
137599805.0,ADJB,DC25,2020
149696783.0,ADJB,DC25,2021
215105943.0,AUDA,DC25,2021
242165130.0,ADJB,DC25,2022
296437320.0,AUDA,DC25,2022
138628747.0,ADJB,DC25,2023
388271064.0,AUDA,DC25,2023
120517391.0,ADJB,DC25,2024
391362196.0,AUDA,DC25,2024
569396436.0,ADJB,DC26,2020
575527321.0,AUDA,DC26,2020
538983944.0,ADJB,DC26,2021
504927163.0,AUDA,DC26,2021
689462751.0,ADJB,DC26,2022
717029829.0,AUDA,DC26,2022
692930117.0,ADJB,DC26,2023
736188165.0,AUDA,DC26,2023
928120180.0,ADJB,DC26,2024
941616589.0,AUDA,DC26,2024
371652806.0,ADJB,DC27,2020
2624584371.0,AUDA,DC27,2020
387117823.0,ADJB,DC27,2021
2808330899.0,AUDA,DC27,2021
406630641.0,ADJB,DC27,2022
334226436.0,ADJB,DC27,2023
3053412703.0,AUDA,DC27,2023
307057696.0,ADJB,DC27,2024
3265315862.0,AUDA,DC27,2024
737647285.0,ADJB,DC28,2020
576253378.0,AUDA,DC28,2020
535075739.0,ADJB,DC28,2021
527797833.0,AUDA,DC28,2021
542123953.0,ADJB,DC28,2022
493343323.0,AUDA,DC28,2022
772441521.0,ADJB,DC28,2023
669706521.0,AUDA,DC28,2023
768396864.0,ADJB,DC28,2024
716092637.0,AUDA,DC28,2024
471465044.0,ADJB,DC29,2020
216461582.0,AUDA,DC29,2020
400191256.0,ADJB,DC29,2021
426289471.0,AUDA,DC29,2021
458294155.0,ADJB,DC29,2022
456787019.0,AUDA,DC29,2022
575967969.0,ADJB,DC29,2023
509072868.0,AUDA,DC29,2023
697678838.0,ADJB,DC29,2024
492145117.0,AUDA,DC29,2024
118318626.0,ADJB,DC3,2020
94264104.0,AUDA,DC3,2020
17599518.0,ADJB,DC3,2021
17450867.0,AUDA,DC3,2021
22808897.0,ADJB,DC3,2022
22202051.0,AUDA,DC3,2022
28896491.0,ADJB,DC3,2023
12989965.0,AUDA,DC3,2023
31208303.0,ADJB,DC3,2024
29728334.0,AUDA,DC3,2024
71812253.0,ADJB,DC30,2020
104541672.0,AUDA,DC30,2020
63017752.0,ADJB,DC30,2021
63549922.0,AUDA,DC30,2021
54119590.0,ADJB,DC30,2022
54592935.0,AUDA,DC30,2022
58060362.0,ADJB,DC30,2023
52445562.0,AUDA,DC30,2023
97570977.0,ADJB,DC30,2024
100225913.0,AUDA,DC30,2024
87362994.0,ADJB,DC31,2020
75533766.0,AUDA,DC31,2020
76597185.0,ADJB,DC31,2021
68127700.0,AUDA,DC31,2021
83133526.0,ADJB,DC31,2022
49063279.0,AUDA,DC31,2022
92236921.0,ADJB,DC31,2023
75288196.0,AUDA,DC31,2023
113838284.0,ADJB,DC31,2024
81766594.0,AUDA,DC31,2024
42113744.0,ADJB,DC32,2020
25420551.0,AUDA,DC32,2020
47188242.0,ADJB,DC32,2021
23691910.0,AUDA,DC32,2021
60436323.0,ADJB,DC32,2022
25899177.0,AUDA,DC32,2022
65273369.0,ADJB,DC32,2023
31295994.0,AUDA,DC32,2023
160719142.0,ADJB,DC32,2024
39992092.0,AUDA,DC32,2024
776082054.0,ADJB,DC33,2020
748395072.0,AUDA,DC33,2020
1154884873.0,ADJB,DC33,2021
1081437502.0,AUDA,DC33,2021
860291175.0,ADJB,DC33,2022
765314527.0,AUDA,DC33,2022
878901888.0,ADJB,DC33,2023
933367386.0,AUDA,DC33,2023
884025613.0,ADJB,DC33,2024
1295701622.0,AUDA,DC33,2024
782812859.0,ADJB,DC34,2020
771399617.0,AUDA,DC34,2020
1105954688.0,ADJB,DC34,2021
858122978.0,AUDA,DC34,2021
1031415631.0,ADJB,DC34,2022
955290405.0,AUDA,DC34,2022
1008944471.0,ADJB,DC34,2023
960519372.0,AUDA,DC34,2023
1200644509.0,ADJB,DC34,2024
994179336.0,AUDA,DC34,2024
469604871.0,ADJB,DC35,2020
570305491.0,AUDA,DC35,2020
521173000.0,ADJB,DC35,2021
465024057.0,AUDA,DC35,2021
495345000.0,ADJB,DC35,2022
487119743.0,AUDA,DC35,2022
583152000.0,ADJB,DC35,2023
550180698.0,AUDA,DC35,2023
661707000.0,ADJB,DC35,2024
646957489.0,AUDA,DC35,2024
36743100.0,ADJB,DC36,2020
26656123.0,AUDA,DC36,2020
23266392.0,ADJB,DC36,2021
12362192.0,AUDA,DC36,2021
13893762.0,ADJB,DC36,2022
10199786.0,ADJB,DC36,2023
6393589.0,AUDA,DC36,2023
6149214.0,ADJB,DC36,2024
6345083.0,AUDA,DC36,2024
9313000.0,ADJB,DC37,2020
13213225.0,ADJB,DC37,2021
87981579.0,AUDA,DC37,2021
47201967.0,ADJB,DC37,2022
94494811.0,AUDA,DC37,2022
39708000.0,ADJB,DC37,2023
137279108.0,AUDA,DC37,2024
692366020.0,ADJB,DC38,2020
10701005049.0,AUDA,DC38,2020
830869704.0,ADJB,DC38,2021
10949993156.0,AUDA,DC38,2021
952001675.0,ADJB,DC38,2022
11506079561.0,AUDA,DC38,2022
11910064860.0,AUDA,DC38,2023
931418077.0,ADJB,DC38,2024
11249805718.0,AUDA,DC38,2024
247138912.0,ADJB,DC39,2020
1087806181.0,AUDA,DC39,2020
709056496.0,ADJB,DC39,2021
1489930678.0,AUDA,DC39,2021
1221324991.0,ADJB,DC39,2022
1726923709.0,AUDA,DC39,2022
563421765.0,ADJB,DC39,2023
159979060.0,ADJB,DC39,2024
2961910557.0,AUDA,DC39,2024
14835230.0,ADJB,DC4,2020
18887671.0,AUDA,DC4,2020
22140722.0,ADJB,DC4,2021
15689576.0,AUDA,DC4,2021
27590106.0,ADJB,DC4,2022
27844594.0,AUDA,DC4,2022
46683349.0,ADJB,DC4,2023
33019238.0,AUDA,DC4,2023
60074889.0,ADJB,DC4,2024
56765758.0,AUDA,DC4,2024
11532949.0,ADJB,DC40,2020
10821719.0,AUDA,DC40,2020
37111233.0,ADJB,DC40,2021
10962137.0,AUDA,DC40,2021
51481371.0,ADJB,DC40,2022
17690016.0,AUDA,DC40,2022
82614506.0,ADJB,DC40,2023
27751435.0,AUDA,DC40,2023
37215389.0,ADJB,DC40,2024
45737145.0,AUDA,DC40,2024
22557496.0,ADJB,DC42,2020
26499230.0,AUDA,DC42,2020
22311474.0,ADJB,DC42,2021
26036969.0,AUDA,DC42,2021
18727597.0,ADJB,DC42,2022
18271299.0,AUDA,DC42,2022
17028693.0,ADJB,DC42,2023
12130603.0,AUDA,DC42,2023
14392808.0,ADJB,DC42,2024
12419933.0,AUDA,DC42,2024
369317871.0,ADJB,DC43,2020
331592905.0,AUDA,DC43,2020
463320402.0,ADJB,DC43,2021
407978072.0,AUDA,DC43,2021
465022690.0,ADJB,DC43,2022
414860430.0,AUDA,DC43,2022
429059543.0,ADJB,DC43,2023
413792572.0,AUDA,DC43,2023
462564097.0,ADJB,DC43,2024
451797803.0,AUDA,DC43,2024
701590712.0,ADJB,DC44,2020
522235468.0,AUDA,DC44,2020
752510350.0,ADJB,DC44,2021
600000740.0,AUDA,DC44,2021
918235415.0,ADJB,DC44,2022
770225385.0,AUDA,DC44,2022
830358905.0,ADJB,DC44,2023
693231381.0,AUDA,DC44,2023
830035291.0,ADJB,DC44,2024
679999082.0,AUDA,DC44,2024
5476240.0,ADJB,DC45,2020
5962633.0,AUDA,DC45,2020
4873883.0,ADJB,DC45,2021
7435821.0,AUDA,DC45,2021
5902666.0,ADJB,DC45,2022
14956021.0,AUDA,DC45,2022
7473585.0,ADJB,DC45,2023
18370655.0,AUDA,DC45,2023
5345047.0,ADJB,DC45,2024
19432910.0,AUDA,DC45,2024
657849242.0,ADJB,DC47,2020
590103213.0,AUDA,DC47,2020
763804045.0,ADJB,DC47,2021
608199598.0,AUDA,DC47,2021
673072535.0,ADJB,DC47,2022
609140306.0,AUDA,DC47,2022
791587637.0,ADJB,DC47,2023
437559545.0,AUDA,DC47,2023
788159783.0,ADJB,DC47,2024
695036661.0,AUDA,DC47,2024
20728017.0,ADJB,DC48,2020
4915000.0,ADJB,DC48,2021
26012976.0,AUDA,DC48,2021
11599996.0,ADJB,DC48,2022
10353426.0,AUDA,DC48,2022
54099997.0,ADJB,DC48,2023
8457270.0,AUDA,DC48,2023
27177415.0,ADJB,DC48,2024
15626081.0,AUDA,DC48,2024
2077955.0,ADJB,DC5,2020
839309.0,AUDA,DC5,2020
4650537.0,ADJB,DC5,2021
3100209.0,AUDA,DC5,2021
6084603.0,ADJB,DC5,2022
5076612.0,AUDA,DC5,2022
5769519.0,ADJB,DC5,2023
4282461.0,AUDA,DC5,2023
11052089.0,ADJB,DC5,2024
6170982.0,AUDA,DC5,2024
2889099.0,ADJB,DC6,2020
2331628.0,AUDA,DC6,2020
3650673.0,ADJB,DC6,2021
3250133.0,AUDA,DC6,2021
3385498.0,ADJB,DC6,2022
2718365.0,AUDA,DC6,2022
3891894.0,ADJB,DC6,2023
2957945.0,AUDA,DC6,2023
5529259.0,ADJB,DC6,2024
4985986.0,AUDA,DC6,2024
3350000.0,ADJB,DC7,2020
2736033.0,AUDA,DC7,2020
4150000.0,ADJB,DC7,2021
4419418.0,AUDA,DC7,2021
2600000.0,ADJB,DC7,2022
2909831.0,AUDA,DC7,2022
3048061.0,ADJB,DC7,2023
3153707.0,AUDA,DC7,2023
2523000.0,ADJB,DC7,2024
3999270.0,AUDA,DC7,2024
1284640.0,ADJB,DC8,2020
1748704.0,AUDA,DC8,2020
1756640.0,ADJB,DC8,2021
1725732.0,AUDA,DC8,2021
1643790.0,ADJB,DC8,2022
3663657.0,AUDA,DC8,2022
2460240.0,ADJB,DC8,2023
3472419.0,AUDA,DC8,2023
3784645.0,ADJB,DC8,2024
3375342.0,AUDA,DC8,2024
12625854.0,ADJB,DC9,2020
9590302.0,AUDA,DC9,2020
24531090.0,ADJB,DC9,2021
9571774.0,AUDA,DC9,2021
16809649.0,ADJB,DC9,2022
14968041.0,AUDA,DC9,2022
20306835.0,ADJB,DC9,2023
16228712.0,AUDA,DC9,2023
20118943.0,ADJB,DC9,2024
19589052.0,AUDA,DC9,2024
117019938.0,ADJB,EC101,2020
-9257710.0,AUDA,EC101,2020
148875137.0,ADJB,EC101,2021
90784478.0,AUDA,EC101,2021
156804360.0,ADJB,EC101,2022
133674891.0,AUDA,EC101,2022
166429769.0,ADJB,EC101,2023
148855153.0,AUDA,EC101,2023
190195214.0,ADJB,EC101,2024
122525777.0,AUDA,EC101,2024
99505973.0,ADJB,EC102,2020
32939961.0,AUDA,EC102,2020
106630151.0,ADJB,EC102,2021
58526859.0,AUDA,EC102,2021
118620581.0,ADJB,EC102,2022
61990174.0,AUDA,EC102,2022
102886851.0,ADJB,EC102,2023
126530624.0,ADJB,EC102,2024
64466730.0,AUDA,EC102,2024
133028143.0,ADJB,EC104,2020
97953558.0,AUDA,EC104,2020
115156632.0,ADJB,EC104,2021
86113636.0,AUDA,EC104,2021
100278345.0,ADJB,EC104,2022
117666344.0,AUDA,EC104,2022
109105189.0,ADJB,EC104,2023
73721110.0,AUDA,EC104,2023
113849893.0,ADJB,EC104,2024
116504800.0,AUDA,EC104,2024
179969770.0,ADJB,EC105,2020
133575474.0,AUDA,EC105,2020
263475367.0,ADJB,EC105,2021
196849580.0,AUDA,EC105,2021
235856128.0,ADJB,EC105,2022
183384336.0,AUDA,EC105,2022
260176607.0,ADJB,EC105,2023
220338517.0,AUDA,EC105,2023
286418457.0,ADJB,EC105,2024
197386273.0,AUDA,EC105,2024
112606697.0,ADJB,EC106,2020
1393056831.0,AUDA,EC106,2020
49018711.0,ADJB,EC106,2021
1388954013.0,AUDA,EC106,2021
121287552.0,ADJB,EC106,2022
157625392.0,AUDA,EC106,2022
134580199.0,ADJB,EC106,2023
88155358.0,AUDA,EC106,2023
82601082.0,ADJB,EC106,2024
33641467.0,AUDA,EC106,2024
336014562.0,ADJB,EC108,2020
235089177.0,AUDA,EC108,2020
239375794.0,ADJB,EC108,2021
175093595.0,AUDA,EC108,2021
234227257.0,ADJB,EC108,2022
297433758.0,AUDA,EC108,2022
263554363.0,ADJB,EC108,2023
262996409.0,AUDA,EC108,2023
297553301.0,ADJB,EC108,2024
248144175.0,AUDA,EC108,2024
80149994.0,ADJB,EC109,2020
48379222.0,AUDA,EC109,2020
48967218.0,ADJB,EC109,2021
42358732.0,AUDA,EC109,2021
60658319.0,ADJB,EC109,2022
60842598.0,AUDA,EC109,2022
124195680.0,ADJB,EC109,2023
60150819.0,AUDA,EC109,2023
89559365.0,ADJB,EC109,2024
130585923.0,ADJB,EC121,2020
968917281.0,AUDA,EC121,2020
173943532.0,ADJB,EC121,2021
1135567585.0,AUDA,EC121,2021
162258135.0,ADJB,EC121,2022
1192530993.0,AUDA,EC121,2022
251967705.0,ADJB,EC121,2023
1319294220.0,AUDA,EC121,2023
213236913.0,ADJB,EC121,2024
1412323079.0,AUDA,EC121,2024
198134670.0,ADJB,EC122,2020
111659345.0,AUDA,EC122,2020
272019081.0,ADJB,EC122,2021
242739153.0,AUDA,EC122,2021
295495539.0,ADJB,EC122,2022
201199557.0,AUDA,EC122,2022
324336117.0,ADJB,EC122,2023
246036306.0,AUDA,EC122,2023
545337132.0,ADJB,EC122,2024
602491634.0,AUDA,EC122,2024
41732107.0,ADJB,EC123,2020
29504879.0,AUDA,EC123,2020
32263232.0,ADJB,EC123,2021
33124930.0,AUDA,EC123,2021
63592924.0,ADJB,EC123,2022
35911367.0,AUDA,EC123,2022
66757208.0,ADJB,EC123,2023
51859076.0,AUDA,EC123,2023
131353765.0,ADJB,EC123,2024
68157127.0,AUDA,EC123,2024
73759570.0,ADJB,EC124,2020
635064472.0,AUDA,EC124,2020
83594248.0,ADJB,EC124,2021
683796327.0,AUDA,EC124,2021
71736100.0,ADJB,EC124,2022
706435121.0,AUDA,EC124,2022
74139671.0,ADJB,EC124,2023
736980863.0,AUDA,EC124,2023
96284950.0,ADJB,EC124,2024
790859845.0,AUDA,EC124,2024
52801898.0,ADJB,EC126,2020
474849628.0,AUDA,EC126,2020
63944522.0,ADJB,EC126,2021
640561494.0,AUDA,EC126,2021
83564245.0,ADJB,EC126,2022
653425801.0,AUDA,EC126,2022
88171053.0,ADJB,EC126,2023
652344538.0,AUDA,EC126,2023
91240989.0,ADJB,EC126,2024
697284664.0,AUDA,EC126,2024
106721353.0,ADJB,EC129,2020
96238135.0,ADJB,EC129,2021
51348370.0,AUDA,EC129,2021
64110339.0,AUDA,EC129,2022
101614685.0,ADJB,EC129,2023
77095726.0,AUDA,EC129,2023
118330480.0,ADJB,EC129,2024
259856195.0,AUDA,EC129,2024
97214196.0,ADJB,EC131,2020
117615664.0,AUDA,EC131,2020
86359720.0,ADJB,EC131,2021
131093298.0,AUDA,EC131,2021
98455696.0,ADJB,EC131,2022
110642750.0,AUDA,EC131,2022
108450697.0,ADJB,EC131,2023
164646216.0,AUDA,EC131,2023
110992260.0,ADJB,EC131,2024
89566010.0,AUDA,EC131,2024
85809167.0,ADJB,EC135,2020
66619779.0,AUDA,EC135,2020
170391804.0,ADJB,EC135,2021
106282333.0,AUDA,EC135,2021
97765531.0,ADJB,EC135,2022
82728318.0,AUDA,EC135,2022
100595823.0,ADJB,EC135,2023
52737701.0,AUDA,EC135,2023
152026378.0,ADJB,EC135,2024
68701980.0,AUDA,EC135,2024
63600647.0,ADJB,EC136,2020
51736350.0,AUDA,EC136,2020
72106902.0,ADJB,EC136,2021
62982654.0,AUDA,EC136,2021
81765255.0,ADJB,EC136,2022
71821048.0,AUDA,EC136,2022
100124174.0,ADJB,EC136,2023
87693276.0,AUDA,EC136,2023
112388827.0,ADJB,EC136,2024
122877028.0,AUDA,EC136,2024
153405304.0,ADJB,EC137,2020
322209887.0,AUDA,EC137,2020
183267954.0,ADJB,EC137,2021
240932548.0,AUDA,EC137,2021
174302134.0,ADJB,EC137,2022
93155465.0,AUDA,EC137,2022
170220056.0,ADJB,EC137,2023
156165036.0,AUDA,EC137,2023
246395366.0,ADJB,EC137,2024
158262216.0,AUDA,EC137,2024
43428559.0,ADJB,EC138,2020
65299012.0,AUDA,EC138,2020
50034117.0,ADJB,EC138,2021
37060693.0,AUDA,EC138,2021
60640895.0,ADJB,EC138,2022
48259420.0,AUDA,EC138,2022
48068615.0,ADJB,EC138,2023
23721914.0,AUDA,EC138,2023
96196934.0,ADJB,EC138,2024
45696318.0,AUDA,EC138,2024
145974444.0,ADJB,EC139,2020
69872837.0,AUDA,EC139,2020
143657101.0,ADJB,EC139,2021
130922041.0,AUDA,EC139,2021
240570305.0,ADJB,EC139,2022
140540878.0,AUDA,EC139,2022
344052220.0,ADJB,EC139,2023
182896483.0,AUDA,EC139,2023
276944906.0,ADJB,EC139,2024
204076595.0,AUDA,EC139,2024
130860438.0,ADJB,EC141,2020
106947911.0,AUDA,EC141,2020
156662194.0,ADJB,EC141,2021
105674941.0,AUDA,EC141,2021
192909540.0,ADJB,EC141,2022
137717714.0,AUDA,EC141,2022
187824598.0,ADJB,EC141,2023
115406170.0,AUDA,EC141,2023
202173014.0,ADJB,EC141,2024
115050011.0,AUDA,EC141,2024
104997933.0,ADJB,EC142,2020
70751038.0,AUDA,EC142,2020
198759872.0,ADJB,EC142,2021
47553442.0,AUDA,EC142,2021
118491565.0,ADJB,EC142,2022
119503514.0,ADJB,EC142,2023
66107830.0,AUDA,EC142,2023
172489163.0,ADJB,EC142,2024
110532139.0,AUDA,EC142,2024
43318668.0,ADJB,EC145,2020
36810182.0,AUDA,EC145,2020
55515365.0,ADJB,EC145,2021
99921703.0,AUDA,EC145,2021
72383855.0,ADJB,EC145,2022
119555930.0,AUDA,EC145,2022
63909144.0,ADJB,EC145,2023
136165326.0,AUDA,EC145,2023
66826510.0,ADJB,EC145,2024
158383822.0,AUDA,EC145,2024
207972149.0,ADJB,EC153,2020
148756412.0,AUDA,EC153,2020
278597410.0,ADJB,EC153,2021
200497499.0,AUDA,EC153,2021
287695665.0,ADJB,EC153,2022
186535661.0,AUDA,EC153,2022
239642366.0,ADJB,EC153,2023
176661888.0,AUDA,EC153,2023
229134171.0,ADJB,EC153,2024
163488742.0,AUDA,EC153,2024
156286042.0,ADJB,EC154,2020
87042660.0,AUDA,EC154,2020
190896512.0,ADJB,EC154,2021
205706182.0,AUDA,EC154,2021
186476795.0,ADJB,EC154,2022
166783838.0,AUDA,EC154,2022
179189986.0,ADJB,EC154,2023
89492491.0,AUDA,EC154,2023
238032392.0,ADJB,EC154,2024
168196066.0,AUDA,EC154,2024
178385765.0,ADJB,EC155,2020
330991604.0,AUDA,EC155,2020
211035513.0,ADJB,EC155,2021
184896313.0,AUDA,EC155,2021
226889558.0,ADJB,EC155,2022
261612523.0,AUDA,EC155,2022
249621285.0,ADJB,EC155,2023
138469695.0,AUDA,EC155,2023
410930023.0,ADJB,EC155,2024
220936201.0,AUDA,EC155,2024
202902086.0,ADJB,EC156,2020
173116695.0,AUDA,EC156,2020
156518465.0,ADJB,EC156,2021
120006179.0,AUDA,EC156,2021
171126729.0,ADJB,EC156,2022
91307175.0,AUDA,EC156,2022
187046592.0,ADJB,EC156,2023
64687198.0,AUDA,EC156,2023
245498486.0,ADJB,EC156,2024
158715729.0,AUDA,EC156,2024
440124635.0,ADJB,EC157,2020
472557983.0,AUDA,EC157,2020
452690913.0,ADJB,EC157,2021
182599685.0,AUDA,EC157,2021
341344989.0,ADJB,EC157,2022
398122092.0,AUDA,EC157,2022
558837969.0,ADJB,EC157,2023
480403483.0,AUDA,EC157,2023
657702821.0,ADJB,EC157,2024
569847450.0,AUDA,EC157,2024
240983014.0,ADJB,EC441,2020
254119238.0,AUDA,EC441,2020
247515685.0,ADJB,EC441,2021
209855288.0,AUDA,EC441,2021
332489520.0,ADJB,EC441,2022
261783076.0,AUDA,EC441,2022
270919140.0,ADJB,EC441,2023
209678999.0,AUDA,EC441,2023
252922213.0,ADJB,EC441,2024
210765046.0,AUDA,EC441,2024
226504776.0,ADJB,EC442,2020
216483249.0,AUDA,EC442,2020
308266507.0,ADJB,EC442,2021
291737782.0,AUDA,EC442,2021
266901129.0,ADJB,EC442,2022
231695970.0,AUDA,EC442,2022
323821639.0,ADJB,EC442,2023
234050038.0,AUDA,EC442,2023
504283435.0,ADJB,EC442,2024
261630275.0,AUDA,EC442,2024
185969428.0,ADJB,EC443,2020
137751776.0,AUDA,EC443,2020
245570416.0,ADJB,EC443,2021
187225233.0,AUDA,EC443,2021
282124518.0,ADJB,EC443,2022
223239604.0,AUDA,EC443,2022
248218866.0,ADJB,EC443,2023
201279763.0,AUDA,EC443,2023
251943382.0,ADJB,EC443,2024
174596783.0,AUDA,EC443,2024
109255283.0,ADJB,EC444,2020
482503690.0,AUDA,EC444,2020
96224530.0,ADJB,EC444,2021
521681287.0,AUDA,EC444,2021
107195060.0,ADJB,EC444,2022
559064371.0,AUDA,EC444,2022
159185249.0,ADJB,EC444,2023
586115098.0,AUDA,EC444,2023
211553829.0,ADJB,EC444,2024
657114197.0,AUDA,EC444,2024
9987154465.0,ADJB,EKU,2020
10597040785.0,AUDA,EKU,2020
9810739127.0,ADJB,EKU,2021
9903343233.0,AUDA,EKU,2021
8156165574.0,ADJB,EKU,2022
8141622881.0,AUDA,EKU,2022
8792969425.0,ADJB,EKU,2023
8461395815.0,AUDA,EKU,2023
8632149601.0,ADJB,EKU,2024
9066514701.0,AUDA,EKU,2024
11683353591.0,ADJB,ETH,2020
10310549280.0,AUDA,ETH,2020
11252752896.0,ADJB,ETH,2021
9585761335.0,AUDA,ETH,2021
11287037201.0,ADJB,ETH,2022
10107965106.0,AUDA,ETH,2022
12583327914.0,ADJB,ETH,2023
11042581918.0,AUDA,ETH,2023
15129192834.0,ADJB,ETH,2024
14072219352.0,AUDA,ETH,2024
88662095.0,ADJB,FS161,2020
1516103459.0,AUDA,FS161,2020
178735628.0,ADJB,FS161,2021
1434766926.0,AUDA,FS161,2021
101732268.0,ADJB,FS161,2022
1448534142.0,AUDA,FS161,2022
114440608.0,ADJB,FS161,2023
1547231999.0,AUDA,FS161,2023
98964058.0,ADJB,FS161,2024
1471163571.0,AUDA,FS161,2024
95869001.0,ADJB,FS162,2020
126293870.0,ADJB,FS162,2021
108567000.0,ADJB,FS162,2022
86785000.0,ADJB,FS162,2023
105594100.0,ADJB,FS162,2024
61978215.0,AUDA,FS162,2024
109128666.0,ADJB,FS163,2020
60732591.0,AUDA,FS163,2020
121375274.0,ADJB,FS163,2021
164999236.0,AUDA,FS163,2021
106050207.0,ADJB,FS163,2022
61831087.0,AUDA,FS163,2022
71213093.0,ADJB,FS163,2023
77548724.0,ADJB,FS163,2024
52471929.0,AUDA,FS163,2024
795903946.0,ADJB,FS181,2020
62450003.0,ADJB,FS181,2021
61681049.0,ADJB,FS181,2022
71798963.0,ADJB,FS181,2023
1359576603.0,AUDA,FS181,2023
149026916.0,ADJB,FS181,2024
223716951.0,ADJB,FS182,2020
96938001.0,ADJB,FS182,2021
145321050.0,ADJB,FS182,2022
107850140.0,AUDA,FS182,2022
127235215.0,ADJB,FS182,2023
138836764.0,AUDA,FS182,2023
320835765.0,ADJB,FS182,2024
205573524.0,AUDA,FS182,2024
29937820.0,ADJB,FS183,2020
48790707.0,AUDA,FS183,2020
64659751.0,ADJB,FS183,2021
70240971.0,AUDA,FS183,2021
65320226.0,ADJB,FS183,2022
44941790.0,AUDA,FS183,2022
81055610.0,ADJB,FS183,2023
107156237.0,AUDA,FS183,2023
82028341.0,ADJB,FS183,2024
44770915.0,AUDA,FS183,2024
359952812.0,ADJB,FS184,2020
387654902.0,AUDA,FS184,2020
355483306.0,ADJB,FS184,2021
354972337.0,AUDA,FS184,2021
260575413.0,ADJB,FS184,2022
387697971.0,AUDA,FS184,2022
667400534.0,ADJB,FS184,2023
544672844.0,AUDA,FS184,2023
769160782.0,ADJB,FS184,2024
427870843.0,AUDA,FS184,2024
322344385.0,ADJB,FS185,2020
59937669.0,AUDA,FS185,2020
349217441.0,ADJB,FS185,2021
-9410719.0,AUDA,FS185,2021
327049579.0,ADJB,FS185,2022
315608206.0,ADJB,FS185,2024
307006710.0,ADJB,FS191,2020
284708707.0,AUDA,FS191,2020
332470092.0,ADJB,FS191,2021
619977216.0,AUDA,FS191,2021
340902382.0,ADJB,FS191,2022
592542663.0,AUDA,FS191,2022
355944136.0,ADJB,FS191,2023
542216096.0,AUDA,FS191,2023
394404829.0,ADJB,FS191,2024
498737689.0,AUDA,FS191,2024
171382534.0,ADJB,FS192,2020
176089312.0,AUDA,FS192,2020
205676585.0,ADJB,FS192,2021
164924682.0,AUDA,FS192,2021
213312393.0,ADJB,FS192,2022
179464826.0,AUDA,FS192,2022
230424430.0,ADJB,FS192,2023
213410365.0,AUDA,FS192,2023
253951795.0,ADJB,FS192,2024
180100751.0,AUDA,FS192,2024
162760861.0,ADJB,FS193,2020
135088368.0,ADJB,FS193,2021
128810551.0,ADJB,FS193,2022
116542774.0,AUDA,FS193,2022
185544124.0,ADJB,FS193,2023
189840168.0,AUDA,FS193,2023
280586185.0,ADJB,FS193,2024
190910351.0,AUDA,FS193,2024
515823779.0,ADJB,FS194,2020
363820953.0,AUDA,FS194,2020
612267447.0,ADJB,FS194,2021
668884953.0,ADJB,FS194,2022
518796723.0,AUDA,FS194,2022
633648571.0,ADJB,FS194,2023
232280551.0,AUDA,FS194,2023
709222948.0,ADJB,FS194,2024
728165206.0,AUDA,FS194,2024
41293580.0,ADJB,FS195,2020
52240467.0,AUDA,FS195,2020
105248913.0,ADJB,FS195,2021
85052759.0,AUDA,FS195,2021
78377468.0,ADJB,FS195,2022
71005951.0,AUDA,FS195,2022
75014905.0,ADJB,FS195,2023
77005305.0,AUDA,FS195,2023
85975776.0,ADJB,FS195,2024
58502136.0,AUDA,FS195,2024
43865188.0,ADJB,FS196,2020
64024542.0,ADJB,FS196,2021
51659778.0,ADJB,FS196,2022
144380320.0,ADJB,FS196,2023
62382148.0,AUDA,FS196,2023
91921233.0,ADJB,FS196,2024
127449485.0,ADJB,FS201,2020
179462068.0,AUDA,FS201,2020
189442483.0,ADJB,FS201,2021
184849048.0,AUDA,FS201,2021
176239839.0,ADJB,FS201,2022
209782684.0,AUDA,FS201,2022
219082836.0,ADJB,FS201,2023
235955824.0,AUDA,FS201,2023
242463917.0,ADJB,FS201,2024
211813541.0,AUDA,FS201,2024
158404380.0,ADJB,FS203,2020
203367092.0,AUDA,FS203,2020
201362071.0,ADJB,FS203,2021
126233512.0,AUDA,FS203,2021
226303638.0,ADJB,FS203,2022
224511062.0,AUDA,FS203,2022
232280470.0,ADJB,FS203,2023
248933104.0,AUDA,FS203,2023
233627471.0,ADJB,FS203,2024
225400622.0,AUDA,FS203,2024
372960633.0,ADJB,FS204,2020
146888629.0,AUDA,FS204,2020
319476140.0,ADJB,FS204,2021
193698819.0,AUDA,FS204,2021
386180812.0,ADJB,FS204,2022
283116167.0,AUDA,FS204,2022
374705725.0,ADJB,FS204,2023
267593076.0,AUDA,FS204,2023
311721100.0,ADJB,FS204,2024
212617541.0,AUDA,FS204,2024
62831556.0,ADJB,FS205,2020
66744427.0,AUDA,FS205,2020
112280345.0,ADJB,FS205,2021
130412022.0,ADJB,FS205,2022
84345638.0,AUDA,FS205,2022
101591604.0,ADJB,FS205,2023
100718185.0,ADJB,FS205,2024
958478405.0,ADJB,GT421,2020
696679604.0,AUDA,GT421,2020
1184014315.0,ADJB,GT421,2021
2587482226.0,AUDA,GT421,2021
1153321152.0,ADJB,GT421,2022
1483972405.0,AUDA,GT421,2022
1504511529.0,ADJB,GT421,2023
1531564806.0,AUDA,GT421,2023
1586448261.0,ADJB,GT421,2024
1672157851.0,AUDA,GT421,2024
396713100.0,ADJB,GT422,2020
359632594.0,AUDA,GT422,2020
522663884.0,ADJB,GT422,2021
473044561.0,AUDA,GT422,2021
462549086.0,ADJB,GT422,2022
426458628.0,AUDA,GT422,2022
491161185.0,ADJB,GT422,2023
431227043.0,AUDA,GT422,2023
578161107.0,ADJB,GT422,2024
538922544.0,AUDA,GT422,2024
128822343.0,ADJB,GT423,2020
81075032.0,AUDA,GT423,2020
198493184.0,ADJB,GT423,2021
142652483.0,AUDA,GT423,2021
218559568.0,ADJB,GT423,2022
175237470.0,AUDA,GT423,2022
196690244.0,ADJB,GT423,2023
165542040.0,AUDA,GT423,2023
179036294.0,ADJB,GT423,2024
210843005.0,AUDA,GT423,2024
1078264981.0,ADJB,GT481,2020
851218476.0,AUDA,GT481,2020
1018205013.0,ADJB,GT481,2021
979304665.0,AUDA,GT481,2021
953822791.0,ADJB,GT481,2022
330907287.0,AUDA,GT481,2022
671851908.0,ADJB,GT481,2023
652702121.0,AUDA,GT481,2023
1044988895.0,ADJB,GT481,2024
746447710.0,AUDA,GT481,2024
313544437.0,ADJB,GT484,2020
149469966.0,AUDA,GT484,2020
319381315.0,ADJB,GT484,2021
106113395.0,AUDA,GT484,2021
686744517.0,ADJB,GT484,2022
65474984.0,AUDA,GT484,2022
764471113.0,ADJB,GT484,2023
440782796.0,AUDA,GT484,2023
389665112.0,ADJB,GT484,2024
371418764.0,AUDA,GT484,2024
462139282.0,ADJB,GT485,2020
422334981.0,AUDA,GT485,2020
525447017.0,ADJB,GT485,2021
439032964.0,AUDA,GT485,2021
533467651.0,ADJB,GT485,2022
904126198.0,AUDA,GT485,2022
712264422.0,ADJB,GT485,2023
679421407.0,AUDA,GT485,2023
704230744.0,ADJB,GT485,2024
1548024551.0,AUDA,GT485,2024
11557478664.0,ADJB,JHB,2020
10650782908.0,AUDA,JHB,2020
14099740922.0,ADJB,JHB,2021
11658686415.0,AUDA,JHB,2021
13881241951.0,ADJB,JHB,2022
11895413458.0,AUDA,JHB,2022
14124906958.0,ADJB,JHB,2023
11895413458.0,AUDA,JHB,2023
15105950082.0,ADJB,JHB,2024
6396356948.0,AUDA,JHB,2024
105387639.0,ADJB,KZN212,2020
111836137.0,AUDA,KZN212,2020
142857679.0,ADJB,KZN212,2021
110468778.0,AUDA,KZN212,2021
115318060.0,ADJB,KZN212,2022
102400373.0,AUDA,KZN212,2022
175050141.0,ADJB,KZN212,2023
156352001.0,AUDA,KZN212,2023
167082237.0,ADJB,KZN212,2024
144628025.0,AUDA,KZN212,2024
168005547.0,ADJB,KZN213,2020
537058657.0,AUDA,KZN213,2020
224225850.0,ADJB,KZN213,2021
615739231.0,AUDA,KZN213,2021
154375003.0,ADJB,KZN213,2022
690016251.0,AUDA,KZN213,2022
168434324.0,ADJB,KZN213,2023
690627982.0,AUDA,KZN213,2023
131065913.0,ADJB,KZN213,2024
716164430.0,AUDA,KZN213,2024
100668274.0,ADJB,KZN214,2020
86766246.0,AUDA,KZN214,2020
89870167.0,ADJB,KZN214,2021
84059253.0,AUDA,KZN214,2021
76774921.0,ADJB,KZN214,2022
90058958.0,AUDA,KZN214,2022
95438940.0,ADJB,KZN214,2023
80202528.0,AUDA,KZN214,2023
94558026.0,ADJB,KZN214,2024
82653035.0,AUDA,KZN214,2024
217455970.0,ADJB,KZN216,2020
242472096.0,AUDA,KZN216,2020
261630417.0,ADJB,KZN216,2021
261627737.0,AUDA,KZN216,2021
326814013.0,ADJB,KZN216,2022
320489351.0,AUDA,KZN216,2022
382136217.0,ADJB,KZN216,2023
357400075.0,AUDA,KZN216,2023
468854175.0,ADJB,KZN216,2024
461870943.0,AUDA,KZN216,2024
58259000.0,ADJB,KZN221,2020
376808883.0,AUDA,KZN221,2020
65526500.0,ADJB,KZN221,2021
414180847.0,AUDA,KZN221,2021
71367000.0,ADJB,KZN221,2022
608065525.0,AUDA,KZN221,2022
108572069.0,ADJB,KZN221,2023
112525567.0,AUDA,KZN221,2023
101506894.0,ADJB,KZN221,2024
159609221.0,AUDA,KZN221,2024
76488074.0,ADJB,KZN222,2020
-3975048.0,AUDA,KZN222,2020
108429421.0,ADJB,KZN222,2021
98754314.0,AUDA,KZN222,2021
111466399.0,ADJB,KZN222,2022
122827054.0,AUDA,KZN222,2022
148444338.0,ADJB,KZN222,2023
132553490.0,AUDA,KZN222,2023
189380337.0,ADJB,KZN222,2024
118708860.0,AUDA,KZN222,2024
36613833.0,ADJB,KZN223,2020
32066463.0,AUDA,KZN223,2020
24459950.0,ADJB,KZN223,2021
208838234.0,AUDA,KZN223,2021
35680258.0,ADJB,KZN223,2022
35602265.0,AUDA,KZN223,2022
51798080.0,ADJB,KZN223,2023
65731958.0,AUDA,KZN223,2023
88113505.0,ADJB,KZN223,2024
60442669.0,AUDA,KZN223,2024
23093887.0,ADJB,KZN224,2020
38417116.0,AUDA,KZN224,2020
22381472.0,ADJB,KZN224,2021
40798443.0,AUDA,KZN224,2021
30949842.0,ADJB,KZN224,2022
44456544.0,AUDA,KZN224,2022
28523851.0,ADJB,KZN224,2023
53891272.0,AUDA,KZN224,2023
72955164.0,ADJB,KZN224,2024
56306182.0,AUDA,KZN224,2024
7302436464.0,AUDA,KZN225,2020
1459853449.0,ADJB,KZN225,2021
8833679205.0,AUDA,KZN225,2021
1614755213.0,ADJB,KZN225,2022
5286139710.0,AUDA,KZN225,2022
1000576789.0,ADJB,KZN225,2023
889966245.0,AUDA,KZN225,2023
1781953972.0,ADJB,KZN225,2024
1241147297.0,AUDA,KZN225,2024
47648581.0,ADJB,KZN226,2020
236764911.0,AUDA,KZN226,2020
86326347.0,ADJB,KZN226,2021
289585731.0,AUDA,KZN226,2021
124778758.0,ADJB,KZN226,2022
341094896.0,AUDA,KZN226,2022
66885701.0,ADJB,KZN226,2023
374959222.0,AUDA,KZN226,2023
59996674.0,ADJB,KZN226,2024
400079052.0,AUDA,KZN226,2024
64587637.0,ADJB,KZN227,2020
52353666.0,AUDA,KZN227,2020
62986330.0,ADJB,KZN227,2021
108677313.0,AUDA,KZN227,2021
68499568.0,ADJB,KZN227,2022
62072267.0,AUDA,KZN227,2022
67963055.0,ADJB,KZN227,2023
82185776.0,AUDA,KZN227,2023
59959875.0,ADJB,KZN227,2024
51686758.0,AUDA,KZN227,2024
69176629.0,ADJB,KZN235,2020
484468890.0,AUDA,KZN235,2020
94870155.0,ADJB,KZN235,2021
88948751.0,AUDA,KZN235,2021
82225620.0,ADJB,KZN235,2022
123465388.0,AUDA,KZN235,2022
116441116.0,ADJB,KZN235,2023
154556457.0,AUDA,KZN235,2023
101517608.0,ADJB,KZN235,2024
117018280.0,AUDA,KZN235,2024
115492827.0,ADJB,KZN237,2020
202885295.0,AUDA,KZN237,2020
195833430.0,ADJB,KZN237,2021
278992914.0,AUDA,KZN237,2021
96371630.0,ADJB,KZN237,2022
331632719.0,AUDA,KZN237,2022
337298542.0,ADJB,KZN237,2023
320062873.0,AUDA,KZN237,2023
250623537.0,ADJB,KZN237,2024
234510320.0,AUDA,KZN237,2024
342194046.0,ADJB,KZN238,2020
225815266.0,AUDA,KZN238,2020
319396641.0,ADJB,KZN238,2021
247141868.0,AUDA,KZN238,2021
342888449.0,ADJB,KZN238,2022
268393805.0,AUDA,KZN238,2022
400227606.0,ADJB,KZN238,2023
284970569.0,AUDA,KZN238,2023
378493830.0,ADJB,KZN238,2024
295512899.0,AUDA,KZN238,2024
38940926.0,ADJB,KZN241,2020
35211358.0,AUDA,KZN241,2020
49074741.0,ADJB,KZN241,2021
54098143.0,AUDA,KZN241,2021
43487910.0,ADJB,KZN241,2022
63788661.0,AUDA,KZN241,2022
44991978.0,ADJB,KZN241,2023
93729521.0,AUDA,KZN241,2023
57790497.0,ADJB,KZN241,2024
51755218.0,AUDA,KZN241,2024
121245215.0,ADJB,KZN242,2020
96058448.0,AUDA,KZN242,2020
205526778.0,ADJB,KZN242,2021
183166163.0,AUDA,KZN242,2021
186222965.0,ADJB,KZN242,2022
165691057.0,AUDA,KZN242,2022
121038797.0,ADJB,KZN242,2023
-3582230.0,AUDA,KZN242,2023
163061574.0,ADJB,KZN242,2024
40466552.0,AUDA,KZN242,2024
89931245.0,ADJB,KZN244,2020
90744806.0,AUDA,KZN244,2020
107616477.0,ADJB,KZN244,2021
-168130507.0,AUDA,KZN244,2021
103759486.0,ADJB,KZN244,2022
-118933700.0,AUDA,KZN244,2022
114055056.0,ADJB,KZN244,2023
122326057.0,AUDA,KZN244,2023
149514168.0,ADJB,KZN244,2024
165592135.0,AUDA,KZN244,2024
62911486.0,ADJB,KZN245,2020
834407911.0,AUDA,KZN245,2020
102056806.0,ADJB,KZN245,2021
888843434.0,AUDA,KZN245,2021
94588042.0,ADJB,KZN245,2022
955838830.0,AUDA,KZN245,2022
87380151.0,ADJB,KZN245,2023
998745276.0,AUDA,KZN245,2023
84978909.0,ADJB,KZN245,2024
1047650355.0,AUDA,KZN245,2024
1503915485.0,ADJB,KZN252,2020
358224613.0,AUDA,KZN252,2020
549004418.0,ADJB,KZN252,2021
411333213.0,AUDA,KZN252,2021
661303273.0,ADJB,KZN252,2022
647847779.0,AUDA,KZN252,2022
625018459.0,ADJB,KZN252,2023
806845394.0,AUDA,KZN252,2023
674721524.0,ADJB,KZN252,2024
786081038.0,AUDA,KZN252,2024
27801953.0,ADJB,KZN253,2020
173879703.0,AUDA,KZN253,2020
24171043.0,ADJB,KZN253,2021
160887142.0,AUDA,KZN253,2021
28682322.0,ADJB,KZN253,2022
187297990.0,AUDA,KZN253,2022
38843068.0,ADJB,KZN253,2023
128275495.0,AUDA,KZN253,2023
71980320.0,ADJB,KZN253,2024
20409104.0,AUDA,KZN253,2024
120757884.0,ADJB,KZN254,2020
114471837.0,AUDA,KZN254,2020
130913564.0,ADJB,KZN254,2021
125580451.0,AUDA,KZN254,2021
118723890.0,ADJB,KZN254,2022
100766866.0,AUDA,KZN254,2022
130645272.0,ADJB,KZN254,2023
115998011.0,AUDA,KZN254,2023
113656152.0,ADJB,KZN254,2024
80902230.0,AUDA,KZN254,2024
167675950.0,ADJB,KZN261,2020
317401140.0,AUDA,KZN261,2020
49590000.0,ADJB,KZN261,2021
330918604.0,AUDA,KZN261,2021
76808650.0,ADJB,KZN261,2022
405701464.0,AUDA,KZN261,2022
58175351.0,ADJB,KZN261,2023
457520888.0,AUDA,KZN261,2023
133321133.0,ADJB,KZN261,2024
495260256.0,AUDA,KZN261,2024
34396276.0,AUDA,KZN262,2020
98435084.0,ADJB,KZN262,2021
86802902.0,AUDA,KZN262,2021
74563420.0,ADJB,KZN262,2022
126074008.0,AUDA,KZN262,2022
76041593.0,ADJB,KZN262,2023
67071435.0,AUDA,KZN262,2023
67178095.0,ADJB,KZN262,2024
102306845.0,AUDA,KZN262,2024
123444495.0,ADJB,KZN263,2020
121007731.0,AUDA,KZN263,2020
117920707.0,ADJB,KZN263,2021
157774099.0,AUDA,KZN263,2021
141019321.0,ADJB,KZN263,2022
194624153.0,AUDA,KZN263,2022
120240592.0,ADJB,KZN263,2023
243990367.0,AUDA,KZN263,2023
162739690.0,ADJB,KZN263,2024
325507397.0,AUDA,KZN263,2024
64800233.0,ADJB,KZN265,2020
509142342.0,AUDA,KZN265,2020
71197628.0,ADJB,KZN265,2021
556556694.0,AUDA,KZN265,2021
67927406.0,ADJB,KZN265,2022
561008436.0,AUDA,KZN265,2022
73100399.0,ADJB,KZN265,2023
626249843.0,AUDA,KZN265,2023
81943307.0,ADJB,KZN265,2024
661956697.0,AUDA,KZN265,2024
99106873.0,ADJB,KZN266,2020
84311788.0,AUDA,KZN266,2020
107121503.0,ADJB,KZN266,2021
107324121.0,AUDA,KZN266,2021
95656777.0,ADJB,KZN266,2022
123919099.0,AUDA,KZN266,2022
98087596.0,ADJB,KZN266,2023
239205821.0,AUDA,KZN266,2023
126857326.0,ADJB,KZN266,2024
266489353.0,AUDA,KZN266,2024
73580530.0,ADJB,KZN271,2020
391936061.0,AUDA,KZN271,2020
104064737.0,ADJB,KZN271,2021
156677747.0,AUDA,KZN271,2021
88138313.0,ADJB,KZN271,2022
178949792.0,AUDA,KZN271,2022
92518044.0,ADJB,KZN271,2023
237295249.0,AUDA,KZN271,2023
108678380.0,ADJB,KZN271,2024
197980532.0,AUDA,KZN271,2024
65206160.0,ADJB,KZN272,2020
119804718.0,AUDA,KZN272,2020
79399019.0,ADJB,KZN272,2021
248411823.0,AUDA,KZN272,2021
90719280.0,ADJB,KZN272,2022
160601991.0,AUDA,KZN272,2022
93391344.0,ADJB,KZN272,2023
252181624.0,AUDA,KZN272,2023
100412848.0,ADJB,KZN272,2024
305869669.0,AUDA,KZN272,2024
96878632.0,ADJB,KZN275,2020
731762187.0,AUDA,KZN275,2020
95036156.0,ADJB,KZN275,2021
764713655.0,AUDA,KZN275,2021
98986449.0,ADJB,KZN275,2022
803765827.0,AUDA,KZN275,2022
93545599.0,ADJB,KZN275,2023
857736154.0,AUDA,KZN275,2023
82504965.0,ADJB,KZN275,2024
941559934.0,AUDA,KZN275,2024
56586999.0,ADJB,KZN276,2020
366026493.0,AUDA,KZN276,2020
64277350.0,ADJB,KZN276,2021
397449223.0,AUDA,KZN276,2021
58521178.0,ADJB,KZN276,2022
404993086.0,AUDA,KZN276,2022
55971015.0,ADJB,KZN276,2023
429182492.0,AUDA,KZN276,2023
68941169.0,ADJB,KZN276,2024
486489585.0,AUDA,KZN276,2024
52504992.0,ADJB,KZN281,2020
430809470.0,AUDA,KZN281,2020
86203379.0,ADJB,KZN281,2021
487364497.0,AUDA,KZN281,2021
85337610.0,ADJB,KZN281,2022
542764346.0,AUDA,KZN281,2022
71362496.0,ADJB,KZN281,2023
590097124.0,AUDA,KZN281,2023
76032903.0,ADJB,KZN281,2024
641202683.0,AUDA,KZN281,2024
1245113300.0,ADJB,KZN282,2020
893214040.0,AUDA,KZN282,2020
1399835914.0,ADJB,KZN282,2021
1161711217.0,AUDA,KZN282,2021
1986343316.0,ADJB,KZN282,2022
1453944982.0,AUDA,KZN282,2022
2243648036.0,ADJB,KZN282,2023
1807541734.0,AUDA,KZN282,2023
1616778700.0,ADJB,KZN282,2024
1435060366.0,AUDA,KZN282,2024
309323037.0,ADJB,KZN284,2020
102614846.0,AUDA,KZN284,2020
168890790.0,ADJB,KZN284,2021
167132697.0,AUDA,KZN284,2021
173822470.0,ADJB,KZN284,2022
168680072.0,AUDA,KZN284,2022
164808970.0,ADJB,KZN284,2023
161457907.0,AUDA,KZN284,2023
208199680.0,ADJB,KZN284,2024
270694039.0,AUDA,KZN284,2024
55333689.0,ADJB,KZN285,2020
496114341.0,AUDA,KZN285,2020
75001987.0,ADJB,KZN285,2021
215972950.0,AUDA,KZN285,2021
83010249.0,ADJB,KZN285,2022
265301425.0,AUDA,KZN285,2022
83041534.0,ADJB,KZN285,2023
246994405.0,AUDA,KZN285,2023
55755060.0,ADJB,KZN285,2024
262632697.0,AUDA,KZN285,2024
87008223.0,ADJB,KZN286,2020
443842902.0,AUDA,KZN286,2020
71990075.0,ADJB,KZN286,2021
480350910.0,AUDA,KZN286,2021
77331375.0,ADJB,KZN286,2022
502425527.0,AUDA,KZN286,2022
65958067.0,ADJB,KZN286,2023
537252547.0,AUDA,KZN286,2023
53962911.0,ADJB,KZN286,2024
607303752.0,AUDA,KZN286,2024
94512825.0,ADJB,KZN291,2020
292477891.0,AUDA,KZN291,2020
142515315.0,ADJB,KZN291,2021
323268663.0,AUDA,KZN291,2021
138841470.0,ADJB,KZN291,2022
352913803.0,AUDA,KZN291,2022
142110638.0,ADJB,KZN291,2023
424923582.0,AUDA,KZN291,2023
200013048.0,ADJB,KZN291,2024
588836182.0,AUDA,KZN291,2024
406345933.0,ADJB,KZN292,2020
167825970.0,AUDA,KZN292,2020
380770845.0,ADJB,KZN292,2021
303290638.0,AUDA,KZN292,2021
474817160.0,ADJB,KZN292,2022
374082842.0,AUDA,KZN292,2022
1210314530.0,ADJB,KZN292,2023
888893748.0,AUDA,KZN292,2023
1362480330.0,ADJB,KZN292,2024
966999729.0,AUDA,KZN292,2024
93618611.0,ADJB,KZN293,2020
116195580.0,AUDA,KZN293,2020
133651215.0,ADJB,KZN293,2021
128063148.0,AUDA,KZN293,2021
121395875.0,ADJB,KZN293,2022
187273467.0,AUDA,KZN293,2022
112460562.0,ADJB,KZN293,2023
284089251.0,AUDA,KZN293,2023
139851816.0,ADJB,KZN293,2024
375680055.0,AUDA,KZN293,2024
73823474.0,ADJB,KZN294,2020
51156826.0,AUDA,KZN294,2020
79959542.0,ADJB,KZN294,2021
53876527.0,AUDA,KZN294,2021
65687373.0,ADJB,KZN294,2022
142470808.0,AUDA,KZN294,2022
56036463.0,ADJB,KZN294,2023
174365547.0,AUDA,KZN294,2023
60284315.0,ADJB,KZN294,2024
213481281.0,AUDA,KZN294,2024
175865002.0,ADJB,KZN433,2020
147957943.0,AUDA,KZN433,2020
212481954.0,ADJB,KZN433,2021
178479191.0,AUDA,KZN433,2021
189387662.0,ADJB,KZN433,2022
142795490.0,AUDA,KZN433,2022
193085324.0,ADJB,KZN433,2023
204167169.0,AUDA,KZN433,2023
186757154.0,ADJB,KZN433,2024
164757387.0,AUDA,KZN433,2024
99793331.0,ADJB,KZN434,2020
84188169.0,AUDA,KZN434,2020
97848284.0,ADJB,KZN434,2021
132377185.0,AUDA,KZN434,2021
90499742.0,ADJB,KZN434,2022
177280451.0,AUDA,KZN434,2022
89704090.0,ADJB,KZN434,2023
225871658.0,AUDA,KZN434,2023
105237121.0,ADJB,KZN434,2024
288035702.0,AUDA,KZN434,2024
177629709.0,ADJB,KZN435,2020
98423650.0,AUDA,KZN435,2020
191349173.0,ADJB,KZN435,2021
154228374.0,AUDA,KZN435,2021
193005977.0,ADJB,KZN435,2022
127658974.0,AUDA,KZN435,2022
215523150.0,ADJB,KZN435,2023
216215589.0,AUDA,KZN435,2023
158970873.0,ADJB,KZN435,2024
247045385.0,AUDA,KZN435,2024
125944859.0,ADJB,KZN436,2020
109278418.0,AUDA,KZN436,2020
166157789.0,ADJB,KZN436,2021
114647450.0,AUDA,KZN436,2021
150411775.0,ADJB,KZN436,2022
134570987.0,AUDA,KZN436,2022
167236728.0,ADJB,KZN436,2023
143461751.0,AUDA,KZN436,2023
152249010.0,ADJB,KZN436,2024
140148655.0,AUDA,KZN436,2024
203292175.0,ADJB,LIM331,2020
1434963591.0,AUDA,LIM331,2020
256741746.0,ADJB,LIM331,2021
1581367818.0,AUDA,LIM331,2021
257498521.0,ADJB,LIM331,2022
1732924116.0,AUDA,LIM331,2022
308938007.0,ADJB,LIM331,2023
1883812740.0,AUDA,LIM331,2023
374250266.0,ADJB,LIM331,2024
2064017564.0,AUDA,LIM331,2024
118673682.0,ADJB,LIM332,2020
135164081.0,AUDA,LIM332,2020
202864097.0,ADJB,LIM332,2021
165446968.0,AUDA,LIM332,2021
168829377.0,ADJB,LIM332,2022
162545408.0,AUDA,LIM332,2022
155067726.0,ADJB,LIM332,2023
187479547.0,AUDA,LIM332,2023
158301527.0,ADJB,LIM332,2024
162428520.0,AUDA,LIM332,2024
321700581.0,ADJB,LIM333,2020
324745985.0,AUDA,LIM333,2020
355900335.0,ADJB,LIM333,2021
288802283.0,AUDA,LIM333,2021
409558527.0,ADJB,LIM333,2022
502904737.0,AUDA,LIM333,2022
448800507.0,ADJB,LIM333,2023
495447208.0,AUDA,LIM333,2023
431321653.0,ADJB,LIM333,2024
553151861.0,AUDA,LIM333,2024
147512605.0,ADJB,LIM334,2020
157879455.0,ADJB,LIM334,2021
45662198.0,AUDA,LIM334,2021
160899317.0,ADJB,LIM334,2022
186988830.0,AUDA,LIM334,2022
149647347.0,ADJB,LIM334,2023
152752853.0,AUDA,LIM334,2023
169496254.0,ADJB,LIM334,2024
237599797.0,AUDA,LIM334,2024
151261940.0,ADJB,LIM335,2020
202908345.0,ADJB,LIM335,2021
154227595.0,AUDA,LIM335,2021
218192441.0,ADJB,LIM335,2022
298334590.0,AUDA,LIM335,2022
187531494.0,ADJB,LIM335,2023
299390599.0,AUDA,LIM335,2023
265866470.0,ADJB,LIM335,2024
241841667.0,AUDA,LIM335,2024
53117501.0,ADJB,LIM341,2020
52857543.0,AUDA,LIM341,2020
85675384.0,ADJB,LIM341,2021
88981746.0,AUDA,LIM341,2021
81040704.0,ADJB,LIM341,2022
64717692.0,AUDA,LIM341,2022
102506832.0,ADJB,LIM341,2023
97405245.0,AUDA,LIM341,2023
145157437.0,ADJB,LIM341,2024
98882697.0,AUDA,LIM341,2024
238487010.0,ADJB,LIM343,2020
218765180.0,AUDA,LIM343,2020
285235389.0,ADJB,LIM343,2021
201848288.0,AUDA,LIM343,2021
307529306.0,ADJB,LIM343,2022
259024347.0,AUDA,LIM343,2022
554266428.0,ADJB,LIM343,2023
397103771.0,AUDA,LIM343,2023
533878682.0,ADJB,LIM343,2024
504280399.0,AUDA,LIM343,2024
337405434.0,ADJB,LIM344,2020
237103025.0,AUDA,LIM344,2020
448502399.0,ADJB,LIM344,2021
297778324.0,AUDA,LIM344,2021
532415125.0,ADJB,LIM344,2022
482006169.0,AUDA,LIM344,2022
612321535.0,ADJB,LIM344,2023
465338026.0,AUDA,LIM344,2023
677230708.0,ADJB,LIM344,2024
434381335.0,AUDA,LIM344,2024
311638388.0,ADJB,LIM345,2020
243277537.0,AUDA,LIM345,2020
411826672.0,ADJB,LIM345,2021
350865757.0,AUDA,LIM345,2021
458776755.0,ADJB,LIM345,2022
416239038.0,AUDA,LIM345,2022
404487667.0,ADJB,LIM345,2023
431507159.0,AUDA,LIM345,2023
408769586.0,ADJB,LIM345,2024
423017005.0,AUDA,LIM345,2024
110452159.0,ADJB,LIM351,2020
41366432.0,AUDA,LIM351,2020
130410959.0,ADJB,LIM351,2021
105060671.0,AUDA,LIM351,2021
126078015.0,ADJB,LIM351,2022
55242289.0,AUDA,LIM351,2022
158874399.0,ADJB,LIM351,2023
137223241.0,AUDA,LIM351,2023
195892854.0,ADJB,LIM351,2024
128474957.0,AUDA,LIM351,2024
70600092.0,ADJB,LIM353,2020
60427720.0,AUDA,LIM353,2020
100253276.0,ADJB,LIM353,2021
80370365.0,AUDA,LIM353,2021
101165841.0,ADJB,LIM353,2022
83225197.0,AUDA,LIM353,2022
93216478.0,ADJB,LIM353,2023
84387738.0,AUDA,LIM353,2023
109562898.0,ADJB,LIM353,2024
98540848.0,AUDA,LIM353,2024
2470413319.0,ADJB,LIM354,2020
2057311784.0,AUDA,LIM354,2020
1950935426.0,ADJB,LIM354,2021
2411668197.0,AUDA,LIM354,2021
1989643884.0,ADJB,LIM354,2022
2327578984.0,AUDA,LIM354,2022
1685501072.0,ADJB,LIM354,2023
2106612616.0,AUDA,LIM354,2023
1881000753.0,ADJB,LIM354,2024
2747320644.0,AUDA,LIM354,2024
151218039.0,ADJB,LIM355,2020
214244828.0,ADJB,LIM355,2021
78636870.0,AUDA,LIM355,2021
231267227.0,ADJB,LIM355,2022
86971829.0,AUDA,LIM355,2022
290717612.0,ADJB,LIM355,2023
39109344.0,AUDA,LIM355,2023
343503720.0,ADJB,LIM355,2024
37175279.0,AUDA,LIM355,2024
157985472.0,ADJB,LIM361,2020
99146081.0,AUDA,LIM361,2020
156955964.0,ADJB,LIM361,2021
153227386.0,AUDA,LIM361,2021
182534643.0,ADJB,LIM361,2022
120527974.0,AUDA,LIM361,2022
151396703.0,ADJB,LIM361,2023
48586046.0,AUDA,LIM361,2023
164787275.0,ADJB,LIM361,2024
70547011.0,AUDA,LIM361,2024
247915002.0,ADJB,LIM362,2020
155995506.0,AUDA,LIM362,2020
332631149.0,ADJB,LIM362,2021
199904532.0,AUDA,LIM362,2021
302762469.0,ADJB,LIM362,2022
214947122.0,AUDA,LIM362,2022
362778346.0,ADJB,LIM362,2023
160442438.0,AUDA,LIM362,2023
413445834.0,ADJB,LIM362,2024
228155608.0,AUDA,LIM362,2024
127001661.0,ADJB,LIM366,2020
138855114.0,ADJB,LIM366,2021
126279856.0,AUDA,LIM366,2021
114973837.0,ADJB,LIM366,2022
95887938.0,AUDA,LIM366,2022
144269929.0,ADJB,LIM366,2023
123025286.0,AUDA,LIM366,2023
141824760.0,ADJB,LIM366,2024
160998695.0,AUDA,LIM366,2024
682603240.0,ADJB,LIM367,2020
471796752.0,AUDA,LIM367,2020
393840389.0,ADJB,LIM367,2021
355607992.0,AUDA,LIM367,2021
498001563.0,ADJB,LIM367,2022
291747807.0,AUDA,LIM367,2022
420109402.0,ADJB,LIM367,2023
396986280.0,AUDA,LIM367,2023
564978730.0,ADJB,LIM367,2024
635911157.0,AUDA,LIM367,2024
147401371.0,ADJB,LIM368,2020
166684159.0,AUDA,LIM368,2020
193210647.0,ADJB,LIM368,2021
104008542.0,AUDA,LIM368,2021
205398034.0,ADJB,LIM368,2022
72407806.0,AUDA,LIM368,2022
358455054.0,ADJB,LIM368,2023
304310348.0,ADJB,LIM368,2024
291409077.0,AUDA,LIM368,2024
112734054.0,ADJB,LIM471,2020
100029504.0,AUDA,LIM471,2020
158990534.0,ADJB,LIM471,2021
146628874.0,AUDA,LIM471,2021
159936201.0,ADJB,LIM471,2022
121797596.0,AUDA,LIM471,2022
158441789.0,ADJB,LIM471,2023
142144063.0,AUDA,LIM471,2023
163559224.0,ADJB,LIM471,2024
152865280.0,AUDA,LIM471,2024
177526039.0,ADJB,LIM472,2020
144774104.0,AUDA,LIM472,2020
166015645.0,ADJB,LIM472,2021
162227234.0,AUDA,LIM472,2021
181034160.0,ADJB,LIM472,2022
205495817.0,AUDA,LIM472,2022
204405457.0,ADJB,LIM472,2023
202849901.0,AUDA,LIM472,2023
188830929.0,ADJB,LIM472,2024
193659648.0,AUDA,LIM472,2024
120311421.0,ADJB,LIM473,2020
574700476.0,AUDA,LIM473,2020
235513295.0,ADJB,LIM473,2021
679929195.0,AUDA,LIM473,2021
246900061.0,ADJB,LIM473,2022
680078644.0,AUDA,LIM473,2022
282387336.0,ADJB,LIM473,2023
738969607.0,AUDA,LIM473,2023
284815644.0,ADJB,LIM473,2024
841010769.0,AUDA,LIM473,2024
306809432.0,ADJB,LIM476,2020
201687692.0,AUDA,LIM476,2020
395574421.0,ADJB,LIM476,2021
230133294.0,AUDA,LIM476,2021
417195506.0,ADJB,LIM476,2022
292046928.0,AUDA,LIM476,2022
482916410.0,ADJB,LIM476,2023
351375104.0,AUDA,LIM476,2023
594004509.0,ADJB,LIM476,2024
575657220.0,AUDA,LIM476,2024
1611849643.0,ADJB,MAN,2020
1920905231.0,AUDA,MAN,2020
1875532855.0,ADJB,MAN,2021
2300789992.0,AUDA,MAN,2021
2009310258.0,ADJB,MAN,2022
2369433677.0,AUDA,MAN,2022
2205713875.0,ADJB,MAN,2023
2105215381.0,AUDA,MAN,2023
1875069603.0,ADJB,MAN,2024
1994253297.0,AUDA,MAN,2024
433528589.0,ADJB,MP301,2020
292556880.0,AUDA,MP301,2020
433408222.0,ADJB,MP301,2021
454483872.0,AUDA,MP301,2021
837372551.0,ADJB,MP301,2022
558512033.0,AUDA,MP301,2022
454510815.0,ADJB,MP301,2023
427441576.0,AUDA,MP301,2023
625874804.0,ADJB,MP301,2024
544344666.0,AUDA,MP301,2024
291022632.0,ADJB,MP302,2020
151898056.0,AUDA,MP302,2020
338307118.0,ADJB,MP302,2021
152511037.0,AUDA,MP302,2021
400262746.0,ADJB,MP302,2022
164003452.0,AUDA,MP302,2022
457117969.0,ADJB,MP302,2023
171218921.0,AUDA,MP302,2023
387293356.0,ADJB,MP302,2024
304656588.0,AUDA,MP302,2024
305755904.0,ADJB,MP303,2020
378507771.0,AUDA,MP303,2020
331146647.0,ADJB,MP303,2021
269889586.0,ADJB,MP303,2022
311753300.0,AUDA,MP303,2022
220423907.0,ADJB,MP303,2023
240959308.0,AUDA,MP303,2023
245601683.0,ADJB,MP303,2024
266611076.0,AUDA,MP303,2024
123221135.0,ADJB,MP304,2020
122984920.0,AUDA,MP304,2020
139667391.0,ADJB,MP304,2021
109491062.0,AUDA,MP304,2021
174934411.0,ADJB,MP304,2022
129552412.0,AUDA,MP304,2022
152344510.0,ADJB,MP304,2023
245802454.0,AUDA,MP304,2023
139261438.0,ADJB,MP304,2024
126626295.0,AUDA,MP304,2024
128879550.0,AUDA,MP305,2020
211644217.0,ADJB,MP305,2021
154740751.0,AUDA,MP305,2021
184653903.0,ADJB,MP305,2022
129696992.0,AUDA,MP305,2022
198979488.0,ADJB,MP305,2023
159025590.0,AUDA,MP305,2023
217661815.0,ADJB,MP305,2024
240693172.0,AUDA,MP305,2024
164847200.0,ADJB,MP306,2020
164769397.0,AUDA,MP306,2020
108645072.0,ADJB,MP306,2021
128948120.0,AUDA,MP306,2021
77355312.0,ADJB,MP306,2022
92567925.0,AUDA,MP306,2022
71615001.0,ADJB,MP306,2023
162053446.0,AUDA,MP306,2023
75499116.0,ADJB,MP306,2024
202375296.0,AUDA,MP306,2024
383686982.0,ADJB,MP307,2020
516493662.0,AUDA,MP307,2020
585931043.0,ADJB,MP307,2021
455357961.0,AUDA,MP307,2021
556290578.0,ADJB,MP307,2022
464329739.0,AUDA,MP307,2022
517689168.0,ADJB,MP307,2023
415604652.0,AUDA,MP307,2023
553546585.0,ADJB,MP307,2024
557621778.0,AUDA,MP307,2024
80027108.0,ADJB,MP311,2020
132781025.0,AUDA,MP311,2020
107005944.0,ADJB,MP311,2021
98427551.0,AUDA,MP311,2021
95647039.0,ADJB,MP311,2022
67000133.0,AUDA,MP311,2022
161479101.0,ADJB,MP311,2023
166575893.0,AUDA,MP311,2023
135174388.0,ADJB,MP311,2024
180054638.0,AUDA,MP311,2024
900687308.0,ADJB,MP312,2020
489604331.0,AUDA,MP312,2020
672205883.0,ADJB,MP312,2021
606746815.0,AUDA,MP312,2021
674245863.0,ADJB,MP312,2022
552282711.0,AUDA,MP312,2022
773604138.0,ADJB,MP312,2023
767833221.0,AUDA,MP312,2023
938175806.0,ADJB,MP312,2024
781188790.0,ADJB,MP313,2020
754701708.0,AUDA,MP313,2020
990089600.0,ADJB,MP313,2021
990965285.0,AUDA,MP313,2021
932425905.0,ADJB,MP313,2022
906720849.0,AUDA,MP313,2022
1013116222.0,ADJB,MP313,2023
996236470.0,AUDA,MP313,2023
709284580.0,ADJB,MP313,2024
751785540.0,AUDA,MP313,2024
132512403.0,ADJB,MP314,2020
-71582915.0,AUDA,MP314,2020
163397992.0,ADJB,MP314,2021
166506850.0,AUDA,MP314,2021
155247316.0,ADJB,MP314,2022
24001168.0,AUDA,MP314,2022
126132586.0,ADJB,MP314,2023
195120228.0,AUDA,MP314,2023
148635062.0,ADJB,MP314,2024
177304030.0,AUDA,MP314,2024
307104052.0,ADJB,MP315,2020
220592927.0,AUDA,MP315,2020
345276649.0,ADJB,MP315,2021
-22643405.0,AUDA,MP315,2021
308621056.0,ADJB,MP315,2022
-57397642.0,AUDA,MP315,2022
342156359.0,ADJB,MP315,2023
160295967.0,AUDA,MP315,2023
421366266.0,ADJB,MP315,2024
157783346.0,AUDA,MP315,2024
209561039.0,ADJB,MP316,2020
-225008694.0,AUDA,MP316,2020
321305182.0,ADJB,MP316,2021
240544473.0,AUDA,MP316,2021
304281052.0,ADJB,MP316,2022
276504971.0,AUDA,MP316,2022
284625265.0,ADJB,MP316,2023
149878280.0,AUDA,MP316,2023
319977227.0,ADJB,MP316,2024
337273164.0,AUDA,MP316,2024
164376439.0,ADJB,MP321,2020
216971978.0,AUDA,MP321,2020
147181433.0,ADJB,MP321,2021
189878371.0,AUDA,MP321,2021
257120238.0,ADJB,MP321,2022
262749954.0,AUDA,MP321,2022
266231618.0,ADJB,MP321,2023
263699545.0,AUDA,MP321,2023
355941379.0,ADJB,MP321,2024
391432335.0,AUDA,MP321,2024
420221902.0,ADJB,MP324,2020
384861557.0,AUDA,MP324,2020
470942786.0,ADJB,MP324,2021
384104144.0,AUDA,MP324,2021
526814738.0,ADJB,MP324,2022
478903417.0,AUDA,MP324,2022
682947813.0,ADJB,MP324,2023
591481132.0,AUDA,MP324,2023
582657415.0,ADJB,MP324,2024
549148265.0,AUDA,MP324,2024
862176669.0,ADJB,MP325,2020
4832439266.0,AUDA,MP325,2020
930905498.0,ADJB,MP325,2021
978686240.0,ADJB,MP325,2022
5830255067.0,AUDA,MP325,2022
1038834210.0,ADJB,MP325,2023
6636660009.0,AUDA,MP325,2023
1053416079.0,ADJB,MP325,2024
1310267937.0,AUDA,MP325,2024
1321820829.0,ADJB,MP326,2020
655330868.0,AUDA,MP326,2020
1243110353.0,ADJB,MP326,2021
939217627.0,AUDA,MP326,2021
1586855566.0,ADJB,MP326,2022
1281891598.0,AUDA,MP326,2022
1614344014.0,ADJB,MP326,2023
1185026827.0,AUDA,MP326,2023
1665900643.0,ADJB,MP326,2024
1257967806.0,AUDA,MP326,2024
7866264.0,ADJB,NC061,2020
47077608.0,AUDA,NC061,2020
30436014.0,ADJB,NC061,2021
17306488.0,AUDA,NC061,2021
36911061.0,ADJB,NC061,2022
14713969.0,AUDA,NC061,2022
33286238.0,ADJB,NC061,2023
15736577.0,AUDA,NC061,2023
34203983.0,ADJB,NC061,2024
35154964.0,AUDA,NC061,2024
80741112.0,ADJB,NC062,2020
18700980.0,AUDA,NC062,2020
96916067.0,ADJB,NC062,2021
67644662.0,AUDA,NC062,2021
87489313.0,ADJB,NC062,2022
23182347.0,AUDA,NC062,2022
183047389.0,ADJB,NC062,2023
51210315.0,AUDA,NC062,2023
132990501.0,ADJB,NC062,2024
61722930.0,AUDA,NC062,2024
29442488.0,ADJB,NC064,2020
34586743.0,AUDA,NC064,2020
36541814.0,ADJB,NC064,2021
38410575.0,AUDA,NC064,2021
30606493.0,ADJB,NC064,2022
36339320.0,AUDA,NC064,2022
31504932.0,ADJB,NC064,2023
25479590.0,AUDA,NC064,2023
46884385.0,ADJB,NC064,2024
12039032.0,AUDA,NC064,2024
111113222.0,ADJB,NC065,2020
115334708.0,AUDA,NC065,2020
130028589.0,ADJB,NC065,2021
22375763.0,AUDA,NC065,2021
49547132.0,ADJB,NC065,2022
40685057.0,AUDA,NC065,2022
124932705.0,ADJB,NC065,2023
87415127.0,AUDA,NC065,2023
189908042.0,ADJB,NC065,2024
155979745.0,AUDA,NC065,2024
19122707.0,ADJB,NC066,2020
13140912.0,AUDA,NC066,2020
18191612.0,ADJB,NC066,2021
14156599.0,AUDA,NC066,2021
29145214.0,ADJB,NC066,2022
14242492.0,AUDA,NC066,2022
42816030.0,ADJB,NC066,2023
28824985.0,AUDA,NC066,2023
41881500.0,ADJB,NC066,2024
30846320.0,AUDA,NC066,2024
16315533.0,ADJB,NC067,2020
13578644.0,AUDA,NC067,2020
14684161.0,ADJB,NC067,2021
8588138.0,AUDA,NC067,2021
30401779.0,ADJB,NC067,2022
25567003.0,AUDA,NC067,2022
19050060.0,ADJB,NC067,2023
8488327.0,AUDA,NC067,2023
23157923.0,AUDA,NC067,2024
46778340.0,ADJB,NC071,2020
40723379.0,AUDA,NC071,2020
51840239.0,ADJB,NC071,2021
28812879.0,AUDA,NC071,2021
50972923.0,ADJB,NC071,2022
31486842.0,AUDA,NC071,2022
67579107.0,ADJB,NC071,2023
54689607.0,AUDA,NC071,2023
66309271.0,ADJB,NC071,2024
31562646.0,AUDA,NC071,2024
-10658851.0,ADJB,NC072,2020
-22114541.0,AUDA,NC072,2020
64289021.0,ADJB,NC072,2021
-11299280.0,AUDA,NC072,2021
62369250.0,ADJB,NC072,2022
22001883.0,AUDA,NC072,2022
68547421.0,ADJB,NC072,2023
6130375.0,AUDA,NC072,2023
56112950.0,ADJB,NC072,2024
43377898.0,AUDA,NC072,2024
37833771.0,ADJB,NC073,2020
129984298.0,AUDA,NC073,2020
29348793.0,ADJB,NC073,2021
297245004.0,AUDA,NC073,2021
41322492.0,ADJB,NC073,2022
64050998.0,AUDA,NC073,2022
97527531.0,ADJB,NC073,2023
66946346.0,ADJB,NC073,2024
93240064.0,AUDA,NC073,2024
24205065.0,ADJB,NC074,2020
25636434.0,AUDA,NC074,2020
66625953.0,ADJB,NC074,2021
-6065540.0,AUDA,NC074,2021
159301237.0,ADJB,NC074,2022
62959032.0,AUDA,NC074,2022
54965891.0,ADJB,NC074,2023
25199133.0,ADJB,NC075,2020
33215784.0,AUDA,NC075,2020
28636445.0,ADJB,NC075,2021
5486924.0,AUDA,NC075,2022
32715809.0,ADJB,NC075,2023
24378417.0,AUDA,NC075,2023
26185525.0,ADJB,NC075,2024
27223366.0,AUDA,NC075,2024
24794224.0,ADJB,NC076,2020
22734844.0,AUDA,NC076,2020
34206058.0,ADJB,NC076,2021
28398946.0,AUDA,NC076,2021
29582826.0,ADJB,NC076,2022
28495656.0,AUDA,NC076,2022
40067067.0,ADJB,NC076,2023
21097170.0,AUDA,NC076,2023
34016459.0,ADJB,NC076,2024
24876023.0,AUDA,NC076,2024
52777877.0,ADJB,NC077,2020
56105766.0,AUDA,NC077,2020
68779700.0,ADJB,NC077,2021
-101115493.0,AUDA,NC077,2021
65137778.0,ADJB,NC077,2022
61268712.0,AUDA,NC077,2022
35827709.0,ADJB,NC077,2023
43720565.0,AUDA,NC077,2023
50295698.0,ADJB,NC077,2024
50948895.0,AUDA,NC077,2024
54706544.0,ADJB,NC078,2020
12158932.0,AUDA,NC078,2020
76600116.0,ADJB,NC078,2021
9246894.0,AUDA,NC078,2021
54535283.0,ADJB,NC078,2022
23652985.0,AUDA,NC078,2022
40721842.0,ADJB,NC078,2023
12993696.0,AUDA,NC078,2023
63967278.0,ADJB,NC078,2024
177866555.0,AUDA,NC078,2024
20179794.0,ADJB,NC082,2020
53650119.0,AUDA,NC082,2020
31346378.0,ADJB,NC082,2021
14576425.0,AUDA,NC082,2021
36847381.0,ADJB,NC082,2022
29711054.0,AUDA,NC082,2022
39082150.0,ADJB,NC082,2023
29711054.0,AUDA,NC082,2024
25088697.0,ADJB,NC084,2020
12506530.0,AUDA,NC084,2020
30498953.0,ADJB,NC084,2021
23239164.0,AUDA,NC084,2021
25443844.0,ADJB,NC084,2022
13384072.0,AUDA,NC084,2022
27926287.0,ADJB,NC084,2023
19421394.0,AUDA,NC084,2023
20671972.0,ADJB,NC084,2024
13700467.0,AUDA,NC084,2024
32325790.0,ADJB,NC085,2020
136683192.0,AUDA,NC085,2020
158196499.0,ADJB,NC085,2021
69555434.0,AUDA,NC085,2021
159539613.0,ADJB,NC085,2022
171452145.0,AUDA,NC085,2022
172433081.0,ADJB,NC085,2023
172443106.0,AUDA,NC085,2023
148149478.0,ADJB,NC085,2024
183884809.0,AUDA,NC085,2024
46064923.0,ADJB,NC086,2020
17729603.0,AUDA,NC086,2020
39119622.0,ADJB,NC086,2021
146589239.0,AUDA,NC086,2021
151780953.0,ADJB,NC086,2022
141308880.0,AUDA,NC086,2022
107538031.0,ADJB,NC086,2023
171105172.0,AUDA,NC086,2023
117625535.0,ADJB,NC086,2024
268184070.0,AUDA,NC086,2024
274569687.0,ADJB,NC087,2020
225408252.0,ADJB,NC087,2021
184087840.0,AUDA,NC087,2021
266801391.0,AUDA,NC087,2022
259539710.0,ADJB,NC087,2023
221357327.0,AUDA,NC087,2023
209028716.0,ADJB,NC087,2024
180274965.0,AUDA,NC087,2024
514020593.0,ADJB,NC091,2020
423852682.0,AUDA,NC091,2020
492641524.0,ADJB,NC091,2021
426406149.0,AUDA,NC091,2021
523172510.0,ADJB,NC091,2022
470570710.0,AUDA,NC091,2022
588500766.0,ADJB,NC091,2023
510415134.0,AUDA,NC091,2023
667821820.0,ADJB,NC091,2024
582691657.0,AUDA,NC091,2024
52990193.0,ADJB,NC092,2020
115791739.0,AUDA,NC092,2020
55015520.0,ADJB,NC092,2021
65306612.0,AUDA,NC092,2021
87920211.0,ADJB,NC092,2022
44594723.0,AUDA,NC092,2022
77163339.0,ADJB,NC092,2023
44594723.0,AUDA,NC092,2023
80676838.0,ADJB,NC092,2024
135268461.0,AUDA,NC092,2024
42511464.0,ADJB,NC093,2020
42763909.0,AUDA,NC093,2020
76972464.0,ADJB,NC093,2021
87520774.0,AUDA,NC093,2021
81801651.0,ADJB,NC093,2022
58644177.0,AUDA,NC093,2022
75506950.0,ADJB,NC093,2023
53330189.0,AUDA,NC093,2023
100081554.0,ADJB,NC093,2024
71273852.0,AUDA,NC093,2024
81476412.0,ADJB,NC094,2020
78972765.0,AUDA,NC094,2020
220921307.0,ADJB,NC094,2021
173979510.0,ADJB,NC094,2022
151477865.0,AUDA,NC094,2022
216074060.0,ADJB,NC094,2023
179752870.0,AUDA,NC094,2023
216026575.0,ADJB,NC094,2024
125929445.0,ADJB,NC451,2020
213067378.0,AUDA,NC451,2020
282740787.0,ADJB,NC451,2021
84100812.0,AUDA,NC451,2021
293476377.0,ADJB,NC451,2022
465056784.0,AUDA,NC451,2022
264658494.0,ADJB,NC451,2023
252221759.0,AUDA,NC451,2023
242303615.0,ADJB,NC451,2024
334427997.0,AUDA,NC451,2024
266943179.0,ADJB,NC452,2020
164102796.0,AUDA,NC452,2020
254211168.0,ADJB,NC452,2021
241636358.0,AUDA,NC452,2021
277174641.0,ADJB,NC452,2022
255107884.0,AUDA,NC452,2022
251724230.0,ADJB,NC452,2023
276806419.0,AUDA,NC452,2023
301387779.0,ADJB,NC452,2024
288944600.0,AUDA,NC452,2024
142695132.0,ADJB,NC453,2020
125173990.0,AUDA,NC453,2020
88888036.0,ADJB,NC453,2021
119313998.0,AUDA,NC453,2021
115482327.0,ADJB,NC453,2022
201804216.0,AUDA,NC453,2022
139878809.0,ADJB,NC453,2023
163620414.0,ADJB,NC453,2024
155193495.0,AUDA,NC453,2024
28699750892.0,AUDA,NMA,2020
30175944737.0,AUDA,NMA,2021
3094575700.0,ADJB,NMA,2022
31481447488.0,AUDA,NMA,2022
3704041360.0,ADJB,NMA,2023
33473469958.0,AUDA,NMA,2023
3488618006.0,ADJB,NMA,2024
2955972051.0,AUDA,NMA,2024
459319244.0,ADJB,NW371,2020
458514930.0,AUDA,NW371,2020
387825385.0,ADJB,NW371,2021
142318308.0,AUDA,NW371,2021
283714924.0,ADJB,NW371,2022
306664268.0,AUDA,NW371,2022
309965328.0,ADJB,NW371,2023
329375243.0,AUDA,NW371,2023
328273101.0,ADJB,NW371,2024
308461232.0,AUDA,NW371,2024
903223579.0,ADJB,NW372,2020
574268961.0,AUDA,NW372,2020
999284075.0,ADJB,NW372,2021
763266359.0,AUDA,NW372,2021
989321181.0,ADJB,NW372,2022
682118858.0,AUDA,NW372,2022
958317973.0,ADJB,NW372,2023
788898599.0,AUDA,NW372,2023
785954119.0,ADJB,NW372,2024
833206954.0,AUDA,NW372,2024
1144688394.0,ADJB,NW373,2020
15014434421.0,AUDA,NW373,2020
1191029857.0,ADJB,NW373,2021
15196761738.0,AUDA,NW373,2021
1198661841.0,ADJB,NW373,2022
15518925718.0,AUDA,NW373,2022
1279266524.0,ADJB,NW373,2023
15677055985.0,AUDA,NW373,2023
1332177233.0,ADJB,NW373,2024
761105472.0,AUDA,NW373,2024
971055620.0,ADJB,NW374,2020
60558929.0,ADJB,NW374,2021
151072407.0,AUDA,NW374,2021
242433411.0,ADJB,NW374,2022
114916250.0,ADJB,NW374,2023
116064816.0,AUDA,NW374,2023
102072323.0,ADJB,NW374,2024
180986813.0,AUDA,NW374,2024
407794545.0,ADJB,NW375,2020
216502338.0,AUDA,NW375,2020
444183171.0,ADJB,NW375,2021
240109292.0,AUDA,NW375,2021
422314602.0,ADJB,NW375,2022
189413882.0,AUDA,NW375,2022
432521840.0,ADJB,NW375,2023
191977672.0,AUDA,NW375,2023
452817399.0,ADJB,NW375,2024
200774840.0,AUDA,NW375,2024
39014706.0,ADJB,NW381,2020
33602314.0,AUDA,NW381,2020
66779800.0,ADJB,NW381,2021
24093057.0,AUDA,NW381,2021
69393794.0,ADJB,NW381,2022
24093057.0,AUDA,NW381,2022
348208.0,ADJB,NW381,2023
93628548.0,ADJB,NW381,2024
7122082.0,AUDA,NW381,2024
92687462.0,AUDA,NW382,2020
75305535.0,ADJB,NW382,2021
101136370.0,AUDA,NW382,2021
73144304.0,ADJB,NW382,2022
-132875656.0,AUDA,NW382,2022
78661266.0,ADJB,NW382,2023
46892921.0,AUDA,NW382,2023
59525260.0,ADJB,NW382,2024
47721604.0,AUDA,NW382,2024
290512491.0,ADJB,NW383,2020
1037306980.0,AUDA,NW383,2020
229250387.0,ADJB,NW383,2021
238723580.0,AUDA,NW383,2021
262456558.0,ADJB,NW383,2022
258209426.0,AUDA,NW383,2022
246315687.0,ADJB,NW383,2023
215515962.0,AUDA,NW383,2023
260934560.0,ADJB,NW383,2024
127803197.0,AUDA,NW383,2024
112779098.0,ADJB,NW384,2020
107189834.0,ADJB,NW384,2021
83278919.0,AUDA,NW384,2021
82486734.0,ADJB,NW384,2022
95556709.0,AUDA,NW384,2023
168557283.0,AUDA,NW384,2024
87869439.0,ADJB,NW385,2020
78842284.0,AUDA,NW385,2020
79115183.0,ADJB,NW385,2021
47578475.0,AUDA,NW385,2021
106073118.0,ADJB,NW385,2022
26247320.0,AUDA,NW385,2022
130684009.0,ADJB,NW385,2023
97420320.0,ADJB,NW385,2024
82046580.0,ADJB,NW392,2020
34569501.0,AUDA,NW392,2020
75935013.0,ADJB,NW392,2021
36293916.0,AUDA,NW392,2021
108029379.0,ADJB,NW392,2022
95484961.0,AUDA,NW392,2022
114274384.0,ADJB,NW392,2023
102403767.0,AUDA,NW392,2023
131677582.0,ADJB,NW392,2024
75297820.0,AUDA,NW392,2024
47066880.0,ADJB,NW393,2020
41474146.0,AUDA,NW393,2020
74370426.0,ADJB,NW393,2021
75200419.0,AUDA,NW393,2021
61680183.0,ADJB,NW393,2022
58092594.0,AUDA,NW393,2022
70338843.0,ADJB,NW393,2023
66285942.0,ADJB,NW393,2024
78714709.0,AUDA,NW393,2024
141169699.0,AUDA,NW394,2020
174478974.0,ADJB,NW394,2021
141295949.0,AUDA,NW394,2021
158215857.0,ADJB,NW394,2022
188813708.0,AUDA,NW394,2022
137572501.0,ADJB,NW394,2023
131567709.0,AUDA,NW394,2023
118855112.0,ADJB,NW394,2024
47403350.0,ADJB,NW396,2020
57635876.0,AUDA,NW396,2020
45372621.0,ADJB,NW396,2021
73894224.0,AUDA,NW396,2021
53705340.0,ADJB,NW396,2022
94848203.0,AUDA,NW396,2022
50269967.0,ADJB,NW396,2023
131206417.0,AUDA,NW396,2023
82146266.0,ADJB,NW396,2024
176811711.0,AUDA,NW396,2024
91834227.0,ADJB,NW397,2020
76797820.0,AUDA,NW397,2020
79732770.0,ADJB,NW397,2021
13528843.0,AUDA,NW397,2021
74827029.0,ADJB,NW397,2022
17174436.0,AUDA,NW397,2022
78606220.0,ADJB,NW397,2023
73662098.0,AUDA,NW397,2023
74219075.0,ADJB,NW397,2024
35971307.0,AUDA,NW397,2024
730995211.0,ADJB,NW403,2020
628017477.0,AUDA,NW403,2020
814493372.0,ADJB,NW403,2021
708778978.0,AUDA,NW403,2021
812886723.0,ADJB,NW403,2022
631310949.0,AUDA,NW403,2022
928863919.0,ADJB,NW403,2023
600779868.0,AUDA,NW403,2023
943021393.0,ADJB,NW403,2024
670563057.0,AUDA,NW403,2024
97479390.0,ADJB,NW404,2020
125601190.0,AUDA,NW404,2020
132559195.0,ADJB,NW404,2021
155183510.0,AUDA,NW404,2021
144280976.0,ADJB,NW404,2022
73649612.0,AUDA,NW404,2022
151801249.0,ADJB,NW404,2023
290726863.0,AUDA,NW404,2023
181338267.0,ADJB,NW404,2024
88563357.0,AUDA,NW404,2024
709603215.0,ADJB,NW405,2020
269857513.0,AUDA,NW405,2020
510870156.0,ADJB,NW405,2021
443026624.0,AUDA,NW405,2021
540827359.0,ADJB,NW405,2022
70902935.0,AUDA,NW405,2022
663495701.0,ADJB,NW405,2023
-81637388.0,AUDA,NW405,2023
517142364.0,ADJB,NW405,2024
142214537.0,AUDA,NW405,2024
7398593034.0,ADJB,TSH,2020
3454236821.0,AUDA,TSH,2020
7695252376.0,ADJB,TSH,2021
7092021146.0,ADJB,TSH,2022
6638448074.0,ADJB,TSH,2023
16883240823.0,AUDA,TSH,2023
5977076262.0,ADJB,TSH,2024
3754837919.0,AUDA,TSH,2024
131160355.0,ADJB,WC011,2020
107113572.0,AUDA,WC011,2020
105037089.0,ADJB,WC011,2021
24392252.0,AUDA,WC011,2021
108585256.0,ADJB,WC011,2022
101770232.0,AUDA,WC011,2022
92812969.0,ADJB,WC011,2023
81837888.0,AUDA,WC011,2023
95887526.0,ADJB,WC011,2024
82840669.0,AUDA,WC011,2024
127456559.0,ADJB,WC012,2020
85257951.0,AUDA,WC012,2020
99825176.0,ADJB,WC012,2021
97524277.0,AUDA,WC012,2021
151735255.0,ADJB,WC012,2022
114363874.0,AUDA,WC012,2022
124764003.0,ADJB,WC012,2023
132209221.0,AUDA,WC012,2023
123871485.0,ADJB,WC012,2024
122904418.0,AUDA,WC012,2024
95828064.0,ADJB,WC013,2020
84202386.0,AUDA,WC013,2020
102347413.0,ADJB,WC013,2021
94365899.0,AUDA,WC013,2021
108688636.0,ADJB,WC013,2022
103585833.0,AUDA,WC013,2022
145068204.0,ADJB,WC013,2023
57547888.0,AUDA,WC013,2023
174001404.0,ADJB,WC013,2024
52447766.0,AUDA,WC013,2024
507186657.0,ADJB,WC014,2020
384235442.0,AUDA,WC014,2020
516166397.0,ADJB,WC014,2021
417903205.0,AUDA,WC014,2021
445969504.0,ADJB,WC014,2022
351867279.0,AUDA,WC014,2022
551310347.0,ADJB,WC014,2023
430654841.0,AUDA,WC014,2023
585721277.0,ADJB,WC014,2024
477750917.0,AUDA,WC014,2024
285402123.0,ADJB,WC015,2020
261417183.0,AUDA,WC015,2020
357150468.0,ADJB,WC015,2021
378858116.0,AUDA,WC015,2021
324084770.0,ADJB,WC015,2022
323073075.0,AUDA,WC015,2022
346857591.0,ADJB,WC015,2023
323239165.0,AUDA,WC015,2023
427725502.0,ADJB,WC015,2024
484205929.0,AUDA,WC015,2024
138285213.0,ADJB,WC022,2020
75145863.0,AUDA,WC022,2020
149201904.0,ADJB,WC022,2021
169998144.0,AUDA,WC022,2021
136884861.0,ADJB,WC022,2022
180699714.0,AUDA,WC022,2022
179061828.0,ADJB,WC022,2023
21434294.0,AUDA,WC022,2023
169263866.0,ADJB,WC022,2024
144076479.0,AUDA,WC022,2024
771926555.0,ADJB,WC023,2020
737290717.0,AUDA,WC023,2020
732197501.0,ADJB,WC023,2021
699133137.0,AUDA,WC023,2021
700173649.0,ADJB,WC023,2022
668320291.0,AUDA,WC023,2022
750938986.0,ADJB,WC023,2023
715963596.0,AUDA,WC023,2023
1098741178.0,ADJB,WC023,2024
1052657632.0,AUDA,WC023,2024
849307806.0,ADJB,WC024,2020
655444927.0,AUDA,WC024,2020
738631349.0,ADJB,WC024,2021
651458793.0,AUDA,WC024,2021
695507408.0,ADJB,WC024,2022
615097555.0,AUDA,WC024,2022
701170728.0,ADJB,WC024,2023
638664089.0,AUDA,WC024,2023
852748160.0,ADJB,WC024,2024
757685163.0,AUDA,WC024,2024
357344762.0,ADJB,WC025,2020
335910826.0,AUDA,WC025,2020
289405364.0,ADJB,WC025,2021
287430562.0,AUDA,WC025,2021
361175783.0,ADJB,WC025,2022
311796945.0,AUDA,WC025,2022
617567533.0,ADJB,WC025,2023
461054003.0,AUDA,WC025,2023
500496947.0,ADJB,WC025,2024
424618243.0,AUDA,WC025,2024
145597353.0,ADJB,WC026,2020
214283182.0,AUDA,WC026,2020
178793347.0,ADJB,WC026,2021
120442514.0,AUDA,WC026,2021
172529724.0,ADJB,WC026,2022
141072557.0,AUDA,WC026,2022
229281091.0,ADJB,WC026,2023
189673627.0,AUDA,WC026,2023
270471071.0,ADJB,WC026,2024
210824543.0,AUDA,WC026,2024
406046993.0,ADJB,WC031,2020
187071143.0,AUDA,WC031,2020
355191838.0,ADJB,WC031,2021
224417110.0,AUDA,WC031,2021
299401645.0,ADJB,WC031,2022
241562080.0,AUDA,WC031,2022
313536661.0,ADJB,WC031,2023
240039403.0,AUDA,WC031,2023
416569583.0,ADJB,WC031,2024
324943151.0,AUDA,WC031,2024
886713879.0,ADJB,WC032,2020
322103049.0,AUDA,WC032,2020
643241193.0,ADJB,WC032,2021
347639803.0,AUDA,WC032,2021
644170320.0,ADJB,WC032,2022
386402777.0,AUDA,WC032,2022
629287430.0,ADJB,WC032,2023
660607166.0,ADJB,WC032,2024
430429087.0,AUDA,WC032,2024
162019417.0,ADJB,WC033,2020
163474356.0,AUDA,WC033,2020
240459601.0,ADJB,WC033,2021
93043874.0,AUDA,WC033,2021
147862430.0,ADJB,WC033,2022
110021540.0,AUDA,WC033,2022
173471100.0,ADJB,WC033,2023
165082503.0,AUDA,WC033,2023
158254492.0,ADJB,WC033,2024
147089395.0,AUDA,WC033,2024
52031385.0,ADJB,WC034,2020
78900744.0,AUDA,WC034,2020
79897558.0,ADJB,WC034,2021
59722765.0,AUDA,WC034,2021
143351936.0,ADJB,WC034,2022
134722378.0,AUDA,WC034,2022
132132545.0,ADJB,WC034,2023
103171732.0,AUDA,WC034,2023
117577886.0,ADJB,WC034,2024
104682164.0,AUDA,WC034,2024
74813086.0,ADJB,WC041,2020
55592870.0,AUDA,WC041,2020
82927128.0,ADJB,WC041,2021
48975620.0,AUDA,WC041,2021
62506377.0,ADJB,WC041,2022
60057614.0,AUDA,WC041,2022
49523082.0,ADJB,WC041,2023
60651875.0,ADJB,WC041,2024
86594439.0,AUDA,WC041,2024
192411880.0,ADJB,WC042,2020
172331126.0,AUDA,WC042,2020
239756080.0,ADJB,WC042,2021
203914456.0,AUDA,WC042,2021
256698490.0,ADJB,WC042,2022
231845041.0,AUDA,WC042,2022
237864164.0,ADJB,WC042,2023
222108602.0,AUDA,WC042,2023
360260266.0,ADJB,WC042,2024
273571220.0,AUDA,WC042,2024
474555249.0,ADJB,WC043,2020
610283863.0,AUDA,WC043,2020
506014479.0,ADJB,WC043,2021
688938574.0,AUDA,WC043,2021
523172536.0,ADJB,WC043,2022
658144312.0,AUDA,WC043,2022
530517514.0,ADJB,WC043,2023
652165801.0,AUDA,WC043,2023
775412750.0,ADJB,WC043,2024
889166945.0,AUDA,WC043,2024
536436861.0,ADJB,WC044,2020
416488531.0,AUDA,WC044,2020
523490140.0,ADJB,WC044,2021
440658144.0,AUDA,WC044,2021
773886449.0,ADJB,WC044,2022
792229158.0,AUDA,WC044,2022
1572268650.0,ADJB,WC044,2023
1145645486.0,AUDA,WC044,2023
2149932565.0,ADJB,WC044,2024
1387555002.0,AUDA,WC044,2024
191145140.0,ADJB,WC045,2020
58037115.0,AUDA,WC045,2020
165610806.0,ADJB,WC045,2021
93090758.0,AUDA,WC045,2021
181502300.0,ADJB,WC045,2022
62974721.0,AUDA,WC045,2022
213223600.0,ADJB,WC045,2023
76197640.0,AUDA,WC045,2023
172941300.0,ADJB,WC045,2024
103836907.0,AUDA,WC045,2024
164787186.0,ADJB,WC047,2020
128507329.0,AUDA,WC047,2020
157892230.0,ADJB,WC047,2021
150078656.0,AUDA,WC047,2021
179860219.0,ADJB,WC047,2022
188734017.0,ADJB,WC047,2023
161593737.0,AUDA,WC047,2023
214344631.0,ADJB,WC047,2024
183441707.0,AUDA,WC047,2024
294552835.0,ADJB,WC048,2020
231613070.0,AUDA,WC048,2020
256477394.0,ADJB,WC048,2021
156136466.0,AUDA,WC048,2021
252611033.0,ADJB,WC048,2022
174452663.0,AUDA,WC048,2022
220974037.0,ADJB,WC048,2023
192982666.0,AUDA,WC048,2023
229983390.0,ADJB,WC048,2024
189249342.0,AUDA,WC048,2024
26017369.0,ADJB,WC051,2020
30430449.0,AUDA,WC051,2020
33417435.0,ADJB,WC051,2021
52313484.0,AUDA,WC051,2021
34996253.0,ADJB,WC051,2022
24015597.0,AUDA,WC051,2022
32301732.0,ADJB,WC051,2023
25644696.0,AUDA,WC051,2023
56093052.0,ADJB,WC051,2024
37155590.0,AUDA,WC051,2024
58027243.0,ADJB,WC052,2020
41074184.0,AUDA,WC052,2020
45705799.0,ADJB,WC052,2021
43037578.0,AUDA,WC052,2021
40936087.0,ADJB,WC052,2022
35437936.0,AUDA,WC052,2022
44781443.0,ADJB,WC052,2023
40372166.0,AUDA,WC052,2023
60104688.0,ADJB,WC052,2024
54828039.0,AUDA,WC052,2024
68268308.0,ADJB,WC053,2020
40024749.0,AUDA,WC053,2020
56590343.0,ADJB,WC053,2021
24275544.0,AUDA,WC053,2021
54886380.0,ADJB,WC053,2022
57726302.0,AUDA,WC053,2022
82333521.0,ADJB,WC053,2023
79834229.0,AUDA,WC053,2023
52310070.0,ADJB,WC053,2024
48483629.0,AUDA,WC053,2024
