amount.sum,demarcation.code,financial_year_end.year
10352028664.0,BUF,2020
4050638804.0,BUF,2021
3944296002.0,BUF,2022
4162812613.0,BUF,2023
2965732203.0,BUF,2024
9476375461.0,CPT,2020
52782747132.0,CPT,2021
88837467582.0,CPT,2022
7737083379.0,CPT,2023
12624410780.0,CPT,2024
353680921.0,DC1,2020
432117017.0,DC1,2021
466843427.0,DC1,2022
424868081.0,DC1,2023
253031034.0,DC1,2024
212720150.0,DC10,2020
212247846.0,DC10,2021
217478852.0,DC10,2022
218197047.0,DC10,2023
209624789.0,DC10,2024
1592964571.0,DC12,2020
550089188.0,DC12,2021
435733933.0,DC12,2022
1137044999.0,DC12,2023
344758099.0,DC12,2024
377919268.0,DC13,2020
942203996.0,DC13,2021
586359200.0,DC13,2022
1049400865.0,DC13,2023
530727927.0,DC13,2024
4787072.0,DC14,2020
21429934.0,DC14,2021
-13705673.0,DC14,2022
-474937769.0,DC14,2023
572304107.0,DC14,2024
270992400.0,DC15,2020
872696708.0,DC15,2021
483491799.0,DC15,2022
256012203.0,DC15,2023
326749425.0,DC15,2024
10371065.0,DC16,2020
62015142.0,DC16,2021
94119788.0,DC16,2022
119791816.0,DC16,2023
146887794.0,DC16,2024
281368897.0,DC18,2021
264064547.0,DC18,2022
106197728.0,DC18,2023
70619828.0,DC18,2024
-1475275.0,DC19,2020
874809.0,DC19,2021
1450411.0,DC19,2022
-1915062.0,DC19,2023
-270650.0,DC19,2024
662228042.0,DC2,2020
712705190.0,DC2,2021
1181063044.0,DC2,2022
996209681.0,DC2,2023
218570402.0,DC2,2024
92978347.0,DC20,2020
125240534.0,DC20,2021
201045432.0,DC20,2022
244456233.0,DC20,2023
22026125.0,DC20,2024
49887771.0,DC21,2021
3822372810.0,DC21,2022
9633771892.0,DC21,2023
12455150022.0,DC21,2024
19301.0,DC22,2020
22495.0,DC22,2021
213566933.0,DC22,2022
15846417.0,DC22,2023
520262939.0,DC22,2024
497821581.0,DC23,2020
-79215702.0,DC23,2021
1392297439.0,DC23,2022
619126701.0,DC23,2023
551261744.0,DC23,2024
1929510451.0,DC24,2020
3853416720.0,DC24,2021
5480265604.0,DC24,2022
7332506515.0,DC24,2023
8866631020.0,DC24,2024
-17345440.0,DC25,2021
-222700858.0,DC25,2022
-159031340.0,DC25,2023
-73323478.0,DC25,2024
12478331.0,DC26,2020
417322294.0,DC26,2021
-26102799.0,DC26,2022
1395049342.0,DC26,2023
2438875940.0,DC26,2024
118091.0,DC27,2020
207842636.0,DC27,2023
413304000.0,DC27,2024
494347854.0,DC28,2020
2439416564.0,DC28,2021
2749243248.0,DC28,2022
229524112.0,DC28,2023
1397888833.0,DC28,2024
1175706964.0,DC29,2020
68893765.0,DC29,2021
1309606821.0,DC29,2022
190206369.0,DC29,2023
370452661.0,DC29,2024
7298572.0,DC3,2020
146739259.0,DC3,2021
-56981138.0,DC3,2022
-60076543.0,DC3,2023
166328814.0,DC3,2024
627479330.0,DC30,2020
449196283.0,DC30,2021
599007037.0,DC30,2022
535485028.0,DC30,2023
896633551.0,DC30,2024
542076162.0,DC31,2020
300469111.0,DC31,2021
585443699.0,DC31,2022
501871196.0,DC31,2023
502574405.0,DC31,2024
90111233.0,DC32,2020
534785986.0,DC32,2021
1413335874.0,DC32,2022
1422690832.0,DC32,2023
33647479.0,DC32,2024
1581000441.0,DC33,2020
1204201620.0,DC33,2021
621043529.0,DC33,2022
691622230.0,DC33,2023
877422300.0,DC33,2024
1753860574.0,DC34,2020
708023450.0,DC34,2021
250217459.0,DC34,2022
1559932348.0,DC34,2023
642854282.0,DC34,2024
256559043.0,DC35,2020
885044642.0,DC35,2021
444923861.0,DC35,2022
468578286.0,DC35,2023
556299831.0,DC35,2024
220144902.0,DC36,2020
129390278.0,DC36,2021
15347196.0,DC36,2023
4699955.0,DC36,2024
-253345.0,DC37,2021
352750247.0,DC38,2020
554964092.0,DC38,2021
289156994.0,DC38,2022
151013759.0,DC38,2023
300127177.0,DC38,2024
48897104.0,DC39,2020
56434759.0,DC39,2021
346001990.0,DC39,2022
878787732.0,DC39,2024
14695486.0,DC4,2020
177118503.0,DC4,2021
527352350.0,DC4,2022
81542098.0,DC4,2023
183780915.0,DC4,2024
36030601.0,DC40,2020
171116666.0,DC40,2021
549690704.0,DC40,2022
272355962.0,DC40,2023
657571170.0,DC40,2024
21504302.0,DC42,2020
130778003.0,DC42,2021
65578727.0,DC42,2022
106818572.0,DC42,2023
29695728.0,DC42,2024
58362815.0,DC43,2020
-312958250.0,DC43,2021
-65651689.0,DC43,2022
1305860490.0,DC43,2023
1625215266.0,DC43,2024
965013172.0,DC44,2020
599870788.0,DC44,2021
1562806759.0,DC44,2022
1152774268.0,DC44,2023
1175353571.0,DC44,2024
1696328.0,DC45,2020
15273293.0,DC45,2021
83228583.0,DC45,2022
122893611.0,DC45,2023
170837766.0,DC45,2024
189321569.0,DC47,2020
-850587694.0,DC47,2021
-2169568513.0,DC47,2022
194455277.0,DC47,2023
-465175121.0,DC47,2024
634734199.0,DC48,2021
450019250.0,DC48,2022
559848287.0,DC48,2023
1330941576.0,DC48,2024
-23081795.0,DC5,2020
23191532.0,DC5,2021
80491160.0,DC5,2022
654175955.0,DC5,2023
-68534866.0,DC5,2024
7537499.0,DC6,2020
98210969.0,DC6,2021
44557429.0,DC6,2022
36577650.0,DC6,2023
52750155.0,DC6,2024
12064670.0,DC7,2020
32554841.0,DC7,2021
41198774.0,DC7,2022
45903027.0,DC7,2023
56077176.0,DC7,2024
-106631.0,DC8,2020
26460674.0,DC8,2021
71927154.0,DC8,2022
72306542.0,DC8,2023
50136792.0,DC8,2024
79525598.0,DC9,2020
176529771.0,DC9,2021
35557476.0,DC9,2022
-12886788.0,DC9,2023
-3321949.0,DC9,2024
-600958.0,EC101,2020
-282377933.0,EC101,2021
-226853948.0,EC101,2022
109352287.0,EC101,2023
184239521.0,EC101,2024
73632756.0,EC102,2020
240602494.0,EC102,2021
243744108.0,EC102,2022
196955401.0,EC102,2024
59266689.0,EC104,2020
5677857.0,EC104,2021
118115219.0,EC104,2022
14597587.0,EC104,2023
-204899080.0,EC104,2024
377865765.0,EC105,2020
-9552889.0,EC105,2021
7874719.0,EC105,2022
-76040913.0,EC105,2023
118124749.0,EC105,2024
752855.0,EC106,2020
-216641759.0,EC106,2022
21316094.0,EC106,2023
-129303792.0,EC106,2024
756650915.0,EC108,2020
1776831377.0,EC108,2021
1643313961.0,EC108,2022
1210670490.0,EC108,2023
1602017404.0,EC108,2024
37763625.0,EC109,2020
619104.0,EC109,2021
-38086572.0,EC109,2022
-72633857.0,EC109,2023
5279778.0,EC121,2020
10277928.0,EC121,2021
44668172.0,EC121,2022
53300880.0,EC121,2023
60950788.0,EC121,2024
131809383.0,EC122,2020
407167164.0,EC122,2021
273464794.0,EC122,2022
2776072972.0,EC122,2023
-281035365.0,EC122,2024
74067945.0,EC123,2020
47325788.0,EC123,2021
53249106.0,EC123,2022
71810744.0,EC123,2023
-140352836.0,EC123,2024
20977717.0,EC124,2020
10575734.0,EC124,2021
27563116.0,EC124,2022
70520348.0,EC124,2023
180331519.0,EC124,2024
2606888.0,EC126,2020
2866685.0,EC126,2021
4334188.0,EC126,2022
19093324.0,EC126,2023
-846176876.0,EC126,2024
10974997.0,EC129,2021
64083383.0,EC129,2022
-239562693.0,EC129,2023
-688156892.0,EC129,2024
688466196.0,EC131,2020
157318772.0,EC131,2021
86838373.0,EC131,2022
-34415271.0,EC131,2023
-108687820.0,EC131,2024
17099123.0,EC135,2020
7522633.0,EC135,2021
15745854.0,EC135,2022
4603773.0,EC135,2023
39831199.0,EC135,2024
106905633.0,EC136,2020
143154053.0,EC136,2021
383434129.0,EC136,2022
1501008354.0,EC136,2023
1954623195.0,EC136,2024
382310784.0,EC137,2020
-38892862.0,EC137,2021
143092967.0,EC137,2022
-21123542.0,EC137,2023
-73892886.0,EC137,2024
133175015.0,EC138,2020
139789525.0,EC138,2021
161021249.0,EC138,2022
869635940.0,EC138,2023
-60590861.0,EC138,2024
11943814.0,EC139,2020
908070281.0,EC139,2021
843292911.0,EC139,2022
294811071.0,EC139,2023
922192089.0,EC139,2024
359043777.0,EC141,2020
333927404.0,EC141,2021
159976114.0,EC141,2022
146522063.0,EC141,2023
151733453.0,EC141,2024
313095400.0,EC142,2020
466892677.0,EC142,2021
987399443.0,EC142,2023
842671059.0,EC142,2024
11880219.0,EC145,2020
-74849572.0,EC145,2021
-116474035.0,EC145,2022
-100675615.0,EC145,2023
-161129573.0,EC145,2024
128820384.0,EC153,2020
-31847767.0,EC153,2021
159517074.0,EC153,2022
207742284.0,EC153,2023
355621870.0,EC153,2024
689952458.0,EC154,2020
815918719.0,EC154,2021
272473445.0,EC154,2022
255499057.0,EC154,2023
299793593.0,EC154,2024
690638943.0,EC155,2020
22214446.0,EC155,2021
14009519.0,EC155,2022
441822349.0,EC155,2023
492753850.0,EC155,2024
228676400.0,EC156,2020
126268326.0,EC156,2021
347981840.0,EC156,2022
58388543.0,EC156,2023
102123334.0,EC156,2024
3019431222.0,EC157,2020
2490459393.0,EC157,2021
-846716430.0,EC157,2022
-215586362.0,EC157,2023
-86358868.0,EC157,2024
474062810.0,EC441,2020
212427076.0,EC441,2021
377094910.0,EC441,2022
446558021.0,EC441,2023
478391228.0,EC441,2024
858955733.0,EC442,2020
888351620.0,EC442,2021
844014074.0,EC442,2022
124195665.0,EC442,2023
-238806663.0,EC442,2024
430309319.0,EC443,2020
134151454.0,EC443,2021
292581129.0,EC443,2022
378061931.0,EC443,2023
494331531.0,EC443,2024
4771405.0,EC444,2020
25041058.0,EC444,2021
11114309.0,EC444,2022
20986741.0,EC444,2023
29331436.0,EC444,2024
3159095507.0,EKU,2020
4330608267.0,EKU,2021
-13533944510.0,EKU,2022
-2880739363.0,EKU,2023
-6605838747.0,EKU,2024
-86657915.0,ETH,2020
-132739875.0,ETH,2021
-226612765.0,ETH,2022
8061390826.0,ETH,2023
9605546916.0,ETH,2024
-5311768.0,FS161,2020
-5287704.0,FS161,2021
31554076.0,FS161,2022
51711407.0,FS161,2023
232512494.0,FS161,2024
-333803367.0,FS162,2024
-17537836.0,FS163,2020
14449778.0,FS163,2021
33975655.0,FS163,2022
85301747.0,FS163,2024
5571721.0,FS181,2023
776781675.0,FS182,2022
-76314932.0,FS182,2023
2834296662.0,FS182,2024
138636125.0,FS183,2020
-63845579.0,FS183,2021
60067090.0,FS183,2022
686717549.0,FS183,2023
434372936.0,FS183,2024
1081374.0,FS184,2020
1135923173.0,FS184,2021
-748409070.0,FS184,2022
-1206666063.0,FS184,2023
-1062442560.0,FS184,2024
5931.0,FS185,2020
-22438.0,FS185,2021
147463700.0,FS191,2020
-274092764.0,FS191,2021
306501567.0,FS191,2022
460551411.0,FS191,2023
242547948.0,FS191,2024
4666584.0,FS192,2020
195977829.0,FS192,2021
207766633.0,FS192,2022
221829893.0,FS192,2023
60635441.0,FS192,2024
62152770.0,FS193,2022
66802672.0,FS193,2023
198754772.0,FS193,2024
261349169.0,FS194,2020
577064868.0,FS194,2022
521080948.0,FS194,2023
-594315052.0,FS194,2024
-37154324.0,FS195,2020
-88430390.0,FS195,2021
-119141840.0,FS195,2022
-198020483.0,FS195,2023
96155786.0,FS195,2024
-89847391.0,FS196,2023
15241509.0,FS201,2020
-28609067.0,FS201,2021
384499421.0,FS201,2022
-47393385.0,FS201,2023
-6806642.0,FS201,2024
40740897.0,FS203,2020
-83213972.0,FS203,2021
-1732383658.0,FS203,2022
-168586859.0,FS203,2023
-220160467.0,FS203,2024
17471828.0,FS204,2020
-337630627.0,FS204,2021
-172450744.0,FS204,2022
21421519.0,FS204,2023
218519122.0,FS204,2024
2795844.0,FS205,2020
-36874599.0,FS205,2022
217508395.0,GT421,2020
-29514516.0,GT421,2021
-1396513375.0,GT421,2022
-879998995.0,GT421,2023
-1198352042.0,GT421,2024
292899587.0,GT422,2020
264139745.0,GT422,2021
1092953862.0,GT422,2022
1016082036.0,GT422,2023
3793513852.0,GT422,2024
41381770.0,GT423,2020
70866072.0,GT423,2021
921601079.0,GT423,2022
357465950.0,GT423,2023
569704525.0,GT423,2024
13816434.0,GT481,2020
71378427.0,GT481,2021
5284562.0,GT481,2023
83962928.0,GT481,2024
-385563878.0,GT484,2020
-34836327.0,GT484,2021
-901492170.0,GT484,2023
-477438102.0,GT484,2024
1900578698.0,GT485,2020
1704146664.0,GT485,2021
234863018.0,GT485,2022
429638218.0,GT485,2023
4593885682.0,GT485,2024
68123106379.0,JHB,2020
75451447666.0,JHB,2021
4722549104.0,JHB,2022
4722549104.0,JHB,2023
3717439189.0,JHB,2024
201265951.0,KZN212,2020
523626865.0,KZN212,2021
333515744.0,KZN212,2022
459874556.0,KZN212,2023
287458910.0,KZN212,2024
-62371647.0,KZN213,2020
-233923618.0,KZN213,2021
-486208356.0,KZN213,2022
-831155825.0,KZN213,2023
-1115542190.0,KZN213,2024
373254651.0,KZN214,2020
197249230.0,KZN214,2021
73762635.0,KZN214,2022
72807760.0,KZN214,2023
68550632.0,KZN214,2024
1913960081.0,KZN216,2020
1415728117.0,KZN216,2021
292266473.0,KZN216,2022
-95875816.0,KZN216,2023
177377647.0,KZN216,2024
21092.0,KZN221,2020
21949.0,KZN221,2021
1553828.0,KZN221,2022
10498353.0,KZN221,2023
-36738917.0,KZN221,2024
26215447.0,KZN222,2020
366184706.0,KZN222,2021
381089596.0,KZN222,2022
381521228.0,KZN222,2023
96512596.0,KZN222,2024
14622652.0,KZN223,2020
5363519.0,KZN223,2021
3518780.0,KZN223,2022
1330543.0,KZN223,2023
496064868.0,KZN223,2024
2416229.0,KZN224,2020
-165295.0,KZN224,2021
37128532.0,KZN224,2022
91025219.0,KZN224,2023
192267661.0,KZN224,2024
611349192.0,KZN225,2020
478860290.0,KZN225,2021
302817318.0,KZN225,2022
695267165.0,KZN225,2023
366360225.0,KZN225,2024
45238011.0,KZN226,2020
16488108.0,KZN226,2021
30203697.0,KZN226,2022
15818137.0,KZN226,2023
34903818.0,KZN226,2024
408676239.0,KZN227,2020
192698403.0,KZN227,2021
263147392.0,KZN227,2022
246682540.0,KZN227,2023
231660335.0,KZN227,2024
32157584.0,KZN235,2020
101828298.0,KZN235,2021
99235027.0,KZN235,2022
101636511.0,KZN235,2023
18263775.0,KZN235,2024
-28818094.0,KZN237,2020
-121838273.0,KZN237,2021
-29541691.0,KZN237,2022
173031070.0,KZN237,2023
276019894.0,KZN237,2024
911634795.0,KZN238,2020
152690364.0,KZN238,2021
1766606694.0,KZN238,2022
1111648879.0,KZN238,2023
1117269915.0,KZN238,2024
-27081145.0,KZN241,2020
-67077708.0,KZN241,2021
-27039649.0,KZN241,2022
23990233.0,KZN241,2023
301928753.0,KZN241,2024
262362813.0,KZN242,2020
592051039.0,KZN242,2021
317573238.0,KZN242,2022
136014241.0,KZN242,2023
-335429272.0,KZN242,2024
179978218.0,KZN244,2020
100911242.0,KZN244,2021
501386276.0,KZN244,2022
352308602.0,KZN244,2023
710550067.0,KZN244,2024
33164598.0,KZN245,2020
13415369.0,KZN245,2021
14316055.0,KZN245,2022
544439310.0,KZN245,2023
1038880957.0,KZN245,2024
25380441.0,KZN252,2020
2682652316.0,KZN252,2021
3135834666.0,KZN252,2022
2507200460.0,KZN252,2023
2137839670.0,KZN252,2024
5455722.0,KZN253,2020
6852084.0,KZN253,2021
5135582.0,KZN253,2022
-731724.0,KZN253,2023
18594444.0,KZN253,2024
104913948.0,KZN254,2020
36887410.0,KZN254,2021
185469246.0,KZN254,2022
165996612.0,KZN254,2023
-15254344.0,KZN254,2024
232.0,KZN261,2020
-3999918.0,KZN261,2021
-3999918.0,KZN261,2022
-177397918.0,KZN261,2023
-433008670.0,KZN261,2024
31696681.0,KZN262,2020
-23776224.0,KZN262,2021
-242824691.0,KZN262,2022
-191634655.0,KZN262,2023
-62343207.0,KZN262,2024
1494218062.0,KZN263,2020
839866393.0,KZN263,2021
184598247.0,KZN263,2022
185636077.0,KZN263,2023
213928729.0,KZN263,2024
38038.0,KZN265,2020
1180.0,KZN265,2021
15837898.0,KZN265,2022
15618097.0,KZN265,2023
63517653.0,KZN265,2024
23211.0,KZN266,2020
191671594.0,KZN266,2021
429451946.0,KZN266,2022
946993717.0,KZN266,2023
1064334831.0,KZN266,2024
70933663.0,KZN271,2020
395380927.0,KZN271,2021
209870916.0,KZN271,2022
141886350.0,KZN271,2023
115977531.0,KZN271,2024
17741348.0,KZN272,2020
-53197336.0,KZN272,2021
-103427024.0,KZN272,2022
-169098497.0,KZN272,2023
159037706.0,KZN272,2024
22807105.0,KZN275,2020
19249136.0,KZN275,2021
15011298.0,KZN275,2022
7785174.0,KZN275,2023
17073228.0,KZN275,2024
17117000.0,KZN276,2020
36999708.0,KZN276,2021
155788304.0,KZN276,2022
85527678.0,KZN276,2023
120174063.0,KZN276,2024
8148.0,KZN281,2021
-1584271.0,KZN281,2022
13328909.0,KZN281,2023
305328414.0,KZN281,2024
-3634959440.0,KZN282,2020
1034516786.0,KZN282,2021
461288405.0,KZN282,2022
482715030.0,KZN282,2023
246738129.0,KZN282,2024
113123721.0,KZN284,2020
126384654.0,KZN284,2021
-403186507.0,KZN284,2022
213376030.0,KZN284,2023
-9552631.0,KZN284,2024
-2092024.0,KZN285,2021
-1936760.0,KZN285,2022
-1494779.0,KZN285,2023
-15144158.0,KZN285,2024
1732.0,KZN286,2020
15130833.0,KZN286,2021
58467.0,KZN286,2022
200065448.0,KZN286,2023
203279124.0,KZN286,2024
74118274.0,KZN291,2020
814436006.0,KZN291,2021
805102588.0,KZN291,2022
1207233905.0,KZN291,2023
1348145187.0,KZN291,2024
1472430689.0,KZN292,2020
1191747236.0,KZN292,2021
1335126637.0,KZN292,2022
2671940472.0,KZN292,2023
2522159344.0,KZN292,2024
5870751.0,KZN293,2020
549548478.0,KZN293,2021
975888399.0,KZN293,2022
1486316407.0,KZN293,2023
1847678389.0,KZN293,2024
16622913.0,KZN294,2020
229290492.0,KZN294,2021
652182888.0,KZN294,2022
877922094.0,KZN294,2023
1017541840.0,KZN294,2024
673825971.0,KZN433,2020
484665828.0,KZN433,2021
167114272.0,KZN433,2022
282035626.0,KZN433,2023
266013666.0,KZN433,2024
273978091.0,KZN434,2020
389035869.0,KZN434,2021
438307086.0,KZN434,2022
866709343.0,KZN434,2023
558018795.0,KZN434,2024
542584616.0,KZN435,2020
747192998.0,KZN435,2021
347503717.0,KZN435,2022
459930156.0,KZN435,2023
296135260.0,KZN435,2024
49978.0,KZN436,2020
417191263.0,KZN436,2021
361539450.0,KZN436,2022
273218958.0,KZN436,2023
259610626.0,KZN436,2024
-46746335.0,LIM331,2023
-19998055.0,LIM331,2024
2581448.0,LIM332,2020
167009909.0,LIM332,2021
102820913.0,LIM332,2022
122207753.0,LIM332,2023
-138364886.0,LIM332,2024
255559698.0,LIM333,2020
-71591952.0,LIM333,2021
-807620277.0,LIM333,2022
-1213739794.0,LIM333,2023
5915221776.0,LIM333,2024
43481606.0,LIM334,2021
956240330.0,LIM334,2022
92327716.0,LIM334,2023
531262629.0,LIM334,2024
335889780.0,LIM335,2021
520607006.0,LIM335,2022
229531286.0,LIM335,2023
176941288.0,LIM335,2024
257628991.0,LIM341,2020
-37340173.0,LIM341,2021
265266398.0,LIM341,2022
14605136.0,LIM341,2023
2027882.0,LIM341,2024
-17520231.0,LIM343,2020
-448140437.0,LIM343,2021
1126053059.0,LIM343,2022
1201301282.0,LIM343,2023
986926097.0,LIM343,2024
897317462.0,LIM344,2020
462880084.0,LIM344,2021
104090234.0,LIM344,2022
51428708.0,LIM344,2023
-105442738.0,LIM344,2024
742927222.0,LIM345,2020
1085299140.0,LIM345,2021
464751703.0,LIM345,2022
363643569.0,LIM345,2023
447831534.0,LIM345,2024
10654220.0,LIM351,2020
54906394.0,LIM351,2021
-18795549.0,LIM351,2022
-142418711.0,LIM351,2023
144072063.0,LIM351,2024
19363526.0,LIM353,2020
57432387.0,LIM353,2021
200261731.0,LIM353,2022
256327515.0,LIM353,2023
330209219.0,LIM353,2024
5479830109.0,LIM354,2020
2492895970.0,LIM354,2021
1488582921.0,LIM354,2022
2838862082.0,LIM354,2023
733795490.0,LIM354,2024
619142200.0,LIM355,2021
442753533.0,LIM355,2022
755213321.0,LIM355,2023
1034608798.0,LIM355,2024
377845410.0,LIM361,2020
123558914.0,LIM361,2021
399192422.0,LIM361,2022
62349169.0,LIM361,2023
202947050.0,LIM361,2024
77384834.0,LIM362,2020
86494915.0,LIM362,2021
723183421.0,LIM362,2022
3574107294.0,LIM362,2023
732816393.0,LIM362,2024
849098366.0,LIM366,2021
122560315.0,LIM366,2022
164334306.0,LIM366,2023
92119774.0,LIM366,2024
16919574.0,LIM367,2020
295462870.0,LIM367,2021
272674749.0,LIM367,2022
147539279.0,LIM367,2023
306993689.0,LIM367,2024
212091029.0,LIM368,2020
211553349.0,LIM368,2021
558106774.0,LIM368,2022
665723856.0,LIM368,2024
259593300.0,LIM471,2020
445256135.0,LIM471,2021
341085850.0,LIM471,2022
385274930.0,LIM471,2023
425339785.0,LIM471,2024
270206913.0,LIM472,2020
537243644.0,LIM472,2021
-329528948.0,LIM472,2022
-129418820.0,LIM472,2023
-53564742.0,LIM472,2024
-646203.0,LIM473,2022
-196278882.0,LIM473,2023
-240909274.0,LIM473,2024
94178554.0,LIM476,2020
213363199.0,LIM476,2021
740310393.0,LIM476,2022
397432871.0,LIM476,2023
311196142.0,LIM476,2024
127986225.0,MAN,2020
1239625217.0,MAN,2021
3442910716.0,MAN,2022
5123179936.0,MAN,2023
7454367288.0,MAN,2024
669605420.0,MP301,2020
-284108610.0,MP301,2021
-133285234.0,MP301,2022
-158432670.0,MP301,2023
192640259.0,MP301,2024
24780245.0,MP302,2020
267567339.0,MP302,2021
928256839.0,MP302,2022
1166411656.0,MP302,2023
611331147.0,MP302,2024
586393765.0,MP303,2020
26437606.0,MP303,2022
-290342093.0,MP303,2023
-201162128.0,MP303,2024
379242064.0,MP304,2020
281510966.0,MP304,2021
169742294.0,MP304,2022
97702682.0,MP304,2023
12222379.0,MP304,2024
1119102177.0,MP305,2020
1143599727.0,MP305,2021
498982448.0,MP305,2022
358198835.0,MP305,2023
335170816.0,MP305,2024
283862133.0,MP306,2020
-14457407.0,MP306,2021
95272938.0,MP306,2022
42443218.0,MP306,2023
8266905.0,MP306,2024
3703767676.0,MP307,2020
2272839286.0,MP307,2021
964511027.0,MP307,2022
977644755.0,MP307,2023
781054916.0,MP307,2024
662579193.0,MP311,2020
-129084273.0,MP311,2021
68293105.0,MP311,2022
167052870.0,MP311,2023
142073710.0,MP311,2024
-2208353465.0,MP312,2020
-2219228200.0,MP312,2021
431437006.0,MP312,2022
319562050.0,MP312,2023
1203249064.0,MP313,2020
817595494.0,MP313,2021
965696531.0,MP313,2022
951781929.0,MP313,2023
435531485.0,MP313,2024
375515480.0,MP314,2020
157960839.0,MP314,2021
78626317.0,MP314,2022
132863373.0,MP314,2023
176456475.0,MP314,2024
412512939.0,MP315,2020
429513390.0,MP315,2021
330017500.0,MP315,2022
212272080.0,MP315,2023
352215062.0,MP315,2024
643483769.0,MP316,2020
473088022.0,MP316,2021
411447381.0,MP316,2022
574794662.0,MP316,2023
367706761.0,MP316,2024
262476972.0,MP321,2020
444719546.0,MP321,2021
67283539.0,MP321,2022
-173562729.0,MP321,2023
-112631185.0,MP321,2024
205834029.0,MP324,2020
1292831485.0,MP324,2021
2034537582.0,MP324,2022
2703169803.0,MP324,2023
1767391755.0,MP324,2024
385684.0,MP325,2020
5382134.0,MP325,2022
-595998395.0,MP325,2023
23508820.0,MP325,2024
126593704.0,MP326,2020
-1057653431.0,MP326,2021
-3169730695.0,MP326,2022
-525222970.0,MP326,2023
-3377992979.0,MP326,2024
-919008.0,NC061,2020
-17894206.0,NC061,2021
-14329912.0,NC061,2022
-13990892.0,NC061,2023
-47101168.0,NC061,2024
375057341.0,NC062,2020
637581296.0,NC062,2021
193103846.0,NC062,2022
61100250.0,NC062,2023
-81018129.0,NC062,2024
2453473.0,NC064,2020
89492882.0,NC064,2021
35332700.0,NC064,2022
2670092.0,NC064,2023
-6240543.0,NC064,2024
-2690227.0,NC065,2020
129791976.0,NC065,2021
-4242919.0,NC065,2022
19500229.0,NC065,2023
-13630116.0,NC065,2024
46068913.0,NC066,2020
29170754.0,NC066,2021
73062285.0,NC066,2022
597408312.0,NC066,2023
96913913.0,NC066,2024
1180495.0,NC067,2020
-8407371.0,NC067,2021
2728915.0,NC067,2022
-759396.0,NC067,2023
-8675853.0,NC067,2024
24610385.0,NC071,2020
12511902.0,NC071,2021
1520279.0,NC071,2022
976249361.0,NC071,2023
859039483.0,NC071,2024
-7569153.0,NC072,2020
3412261.0,NC072,2021
-115419232.0,NC072,2022
119623641.0,NC072,2023
3858892.0,NC072,2024
49137768.0,NC073,2020
-695822753.0,NC073,2021
-134380311.0,NC073,2022
114560950.0,NC073,2024
80253719.0,NC074,2020
86909978.0,NC074,2021
148544333.0,NC074,2022
673801.0,NC075,2020
2707315.0,NC075,2022
127674637.0,NC075,2023
72428274.0,NC075,2024
-3650798.0,NC076,2020
54549840.0,NC076,2021
109509233.0,NC076,2022
549772408.0,NC076,2023
602322575.0,NC076,2024
11662799.0,NC077,2020
100089593.0,NC077,2021
19814334.0,NC077,2022
600830419.0,NC077,2023
929245487.0,NC077,2024
5389278.0,NC078,2020
3004848.0,NC078,2021
922261051.0,NC078,2022
1001340483.0,NC078,2023
-101464955.0,NC078,2024
5557595.0,NC082,2020
139040841.0,NC082,2021
901987.0,NC082,2022
901987.0,NC082,2024
11627100.0,NC084,2020
72175227.0,NC084,2021
54127244.0,NC084,2022
32128657.0,NC084,2023
30358570.0,NC084,2024
12148009.0,NC085,2020
-87374195.0,NC085,2022
-124571752.0,NC085,2023
-131223081.0,NC085,2024
1343840.0,NC086,2020
11645422.0,NC086,2021
18226321.0,NC086,2022
27359959.0,NC086,2023
32900742.0,NC086,2024
17696317.0,NC087,2021
341140726.0,NC087,2022
492052456.0,NC087,2023
507995340.0,NC087,2024
73916044.0,NC091,2020
29423154.0,NC091,2021
-668429931.0,NC091,2022
-599622381.0,NC091,2023
-96711629.0,NC091,2024
34843591.0,NC092,2020
-8336754.0,NC092,2021
16323392.0,NC092,2022
16323392.0,NC092,2023
-326554150.0,NC092,2024
586494.0,NC093,2020
-39823037.0,NC093,2021
2328567.0,NC093,2022
-15036352.0,NC093,2023
23364922.0,NC093,2024
13779612.0,NC094,2020
198936818.0,NC094,2022
171582603.0,NC094,2023
1992676.0,NC451,2020
62769727.0,NC451,2021
-150173752.0,NC451,2022
716904424.0,NC451,2023
-242561884.0,NC451,2024
595328261.0,NC452,2020
273644746.0,NC452,2021
133162739.0,NC452,2022
55715283.0,NC452,2023
140989944.0,NC452,2024
-39312559.0,NC453,2020
-1850207.0,NC453,2021
505764862.0,NC453,2022
821032623.0,NC453,2024
-53767062.0,NMA,2020
-113256576.0,NMA,2021
-134829548.0,NMA,2022
5040989186.0,NMA,2023
3664751213.0,NMA,2024
13578349.0,NW371,2020
241369908.0,NW371,2021
514218534.0,NW371,2022
611305622.0,NW371,2023
826737623.0,NW371,2024
61701106.0,NW372,2020
238872857.0,NW372,2021
1120037863.0,NW372,2022
382294730.0,NW372,2023
917731762.0,NW372,2024
3175339415.0,NW373,2020
5156716608.0,NW373,2021
6715325926.0,NW373,2022
17608175622.0,NW373,2023
31674462463.0,NW373,2024
243906654.0,NW374,2021
117027011.0,NW374,2023
68180421.0,NW374,2024
64673260.0,NW375,2020
292887025.0,NW375,2021
541809158.0,NW375,2022
1266889011.0,NW375,2023
1515803253.0,NW375,2024
306621285.0,NW381,2020
365008541.0,NW381,2021
365008541.0,NW381,2022
28899898.0,NW381,2024
873588.0,NW382,2020
-123148456.0,NW382,2021
-79142980.0,NW382,2022
-148312752.0,NW382,2023
-225826490.0,NW382,2024
2075487551.0,NW383,2020
149090470.0,NW383,2021
717676301.0,NW383,2022
1017933486.0,NW383,2023
1071671026.0,NW383,2024
1123203253.0,NW384,2021
2066981799.0,NW384,2023
3098709776.0,NW384,2024
15571679.0,NW385,2020
16779026.0,NW385,2021
7514126.0,NW385,2022
54263425.0,NW392,2020
204070222.0,NW392,2021
221949049.0,NW392,2022
203764312.0,NW392,2023
81380979.0,NW392,2024
69918899.0,NW393,2020
54240790.0,NW393,2021
96228444.0,NW393,2022
72795740.0,NW393,2024
103550894.0,NW394,2020
373601218.0,NW394,2021
197080586.0,NW394,2022
170723530.0,NW394,2023
486564.0,NW396,2020
358397.0,NW396,2021
-2123212.0,NW396,2022
-68024641.0,NW396,2023
-84831562.0,NW396,2024
-32965411.0,NW397,2020
-16007825.0,NW397,2021
-344700.0,NW397,2022
1314322.0,NW397,2023
28053818.0,NW397,2024
2026306899.0,NW403,2020
2026883450.0,NW403,2021
2249322991.0,NW403,2022
1841374798.0,NW403,2023
2833541749.0,NW403,2024
16729580.0,NW404,2020
320938452.0,NW404,2021
411834124.0,NW404,2022
410764161.0,NW404,2023
1104033266.0,NW404,2024
225512844.0,NW405,2020
552187303.0,NW405,2021
-1213459009.0,NW405,2022
-1784387494.0,NW405,2023
154759711.0,NW405,2024
-59276474.0,TSH,2020
-32299801.0,TSH,2023
79869581301.0,TSH,2024
31478186.0,WC011,2020
15256258.0,WC011,2021
-210382575.0,WC011,2022
53755104.0,WC011,2023
-153153710.0,WC011,2024
7181526.0,WC012,2020
-29978439.0,WC012,2021
184966992.0,WC012,2022
148125708.0,WC012,2023
246887582.0,WC012,2024
71666278.0,WC013,2020
319385211.0,WC013,2021
100862635.0,WC013,2022
725597288.0,WC013,2023
727209564.0,WC013,2024
1406523638.0,WC014,2020
369227937.0,WC014,2021
705133681.0,WC014,2022
686913149.0,WC014,2023
794832450.0,WC014,2024
1643106498.0,WC015,2020
1076100809.0,WC015,2021
805404715.0,WC015,2022
1522940324.0,WC015,2023
1174730765.0,WC015,2024
-1903981.0,WC022,2020
606093647.0,WC022,2021
918218651.0,WC022,2022
622676774.0,WC022,2023
725323637.0,WC022,2024
66277495.0,WC023,2020
1402773085.0,WC023,2021
1614179796.0,WC023,2022
4326454632.0,WC023,2023
1196917341.0,WC023,2024
1510143354.0,WC024,2020
2817255346.0,WC024,2021
1668428953.0,WC024,2022
2702229287.0,WC024,2023
2094478548.0,WC024,2024
449524493.0,WC025,2020
-165431632.0,WC025,2021
112023653.0,WC025,2022
1261461460.0,WC025,2023
609639690.0,WC025,2024
185273838.0,WC026,2020
-130302195.0,WC026,2021
206969712.0,WC026,2022
306674040.0,WC026,2023
398326273.0,WC026,2024
-83492357.0,WC031,2020
45344693.0,WC031,2021
359893639.0,WC031,2022
437868977.0,WC031,2023
534484523.0,WC031,2024
4225381.0,WC032,2020
97667852.0,WC032,2021
374246608.0,WC032,2022
738407317.0,WC032,2024
-277972177.0,WC033,2020
73047608.0,WC033,2021
271382066.0,WC033,2022
87572141.0,WC033,2023
239817455.0,WC033,2024
125011393.0,WC034,2020
351646303.0,WC034,2021
402179371.0,WC034,2022
258134527.0,WC034,2023
179910801.0,WC034,2024
149305133.0,WC041,2021
171583061.0,WC041,2022
66763627.0,WC041,2024
257508766.0,WC042,2020
1422562468.0,WC042,2021
684742048.0,WC042,2022
830826677.0,WC042,2023
1048695589.0,WC042,2024
660381290.0,WC043,2020
1301428919.0,WC043,2021
1047298490.0,WC043,2022
1608735656.0,WC043,2023
1488837603.0,WC043,2024
3325938226.0,WC044,2020
3541403451.0,WC044,2021
4062132045.0,WC044,2022
4883766224.0,WC044,2023
7780584534.0,WC044,2024
989960351.0,WC045,2020
-934038832.0,WC045,2021
154060804.0,WC045,2022
-223156000.0,WC045,2023
54421495.0,WC045,2024
95003132.0,WC047,2020
153333475.0,WC047,2021
-332317641.0,WC047,2023
-795858986.0,WC047,2024
462595271.0,WC048,2020
-1394872897.0,WC048,2021
53909001.0,WC048,2022
175532830.0,WC048,2023
130192996.0,WC048,2024
747672.0,WC051,2020
-24109884.0,WC051,2021
68481559.0,WC051,2022
-12549239.0,WC051,2023
-56964.0,WC051,2024
48084272.0,WC052,2020
164051253.0,WC052,2021
208304438.0,WC052,2022
192427971.0,WC052,2023
219283872.0,WC052,2024
10763981.0,WC053,2020
196426935.0,WC053,2021
401383085.0,WC053,2022
2507291920.0,WC053,2023
3530293369.0,WC053,2024
