long_name,province_name,category,revenue,expenditure,cash_months,overdue_pct,op_margin,uifw_pct,capex_exec,audit,health_score,ratios_used
"Buffalo City, Eastern Cape",Eastern Cape,A,9353422459.0,10770697729.0,3.304222932575439,67.65926597714319,-15.152477889377028,15.987169971019805,144.95585983027328,Qualified,52.898836424526344,4
"Cape Town, Western Cape",Western Cape,A,61841487486.0,58313923784.0,2.5978860541290856,55.010145936361454,5.704202543314612,1.087668191132813,68.561428905037,Unqualified - No findings,75.19290848727307,4
"West Coast, Western Cape",Western Cape,C,555014996.0,546463401.0,5.556405794868594,9.313002381882619,1.5407862961598249,0.09870322495760334,42.945082078012184,Unqualified - No findings,81.79860918901448,4
"Sarah Baartman, Eastern Cape",Eastern Cape,C,155625013.0,180622676.0,13.926808769016356,,-16.062753999577176,6.8530514961476925,59.35592335528267,Unqualified - Emphasis of Matter items,62.866602767876294,3
"Amathole, Eastern Cape",Eastern Cape,C,1827195279.0,1721939853.0,2.402579382080194,86.9426244529724,5.760491350306297,49.71833920380261,73.94046708100454,Qualified,41.46220111658454,4
"Chris Hani, Eastern Cape",Eastern Cape,C,1383866499.0,1438543106.0,4.427211876680461,68.08848784338437,-3.951003007841438,17.617969732218786,27.401386649549035,Qualified,58.33155959123855,4
"Joe Gqabi, Eastern Cape",Eastern Cape,C,766235717.0,637224430.0,10.777441919481962,90.09200537169029,16.837023403856804,0.0,77.80340935380698,Unqualified - No findings,71.1196232376256,4
"O R Tambo, Eastern Cape",Eastern Cape,C,1553302131.0,1995323343.0,1.9650915796457957,78.45601731682402,-28.456872824569636,22.575992536764502,40.02150397243553,Unqualified - Emphasis of Matter items,36.96771176075175,4
"Xhariep, Free State",Free State,C,69186212.0,99969234.0,17.63195992879169,83.6549064964439,-44.49300100430415,17.099154725942984,17.047783966076565,Unqualified - Emphasis of Matter items,45.16362958362755,4
"Lejweleputswa, Free State",Free State,C,163979433.0,208352564.0,4.067326649265521,99.95048944094484,-27.060180772792403,11.939216644341368,82.61990539119743,Unqualified - Emphasis of Matter items,32.90234063062883,4
"Thabo Mofutsanyana, Free State",Free State,C,160571552.0,164630776.0,-0.019727781639078224,100.0,-2.5279845336488993,6.833549153652778,21.718944507514465,Unqualified - Emphasis of Matter items,39.081908800062365,4
"Cape Winelands DM, Western Cape",Western Cape,C,486119846.0,463715496.0,5.656150908530346,0.46605449560634404,4.6088120417943195,0.0,65.03889589717431,Unqualified - No findings,85.78272014631389,4
"Fezile Dabi, Free State",Free State,C,190354362.0,172609068.0,1.5312839763435835,,9.322241851226924,22.704359309790142,107.44285221887118,Qualified,53.04925783823586,3
"Ugu, Kwazulu-Natal",Kwazulu-Natal,C,1288171766.0,1845413745.0,,76.99220422726016,-43.25835992589206,66.65356684010175,,Unqualified - Emphasis of Matter items,24.461347244048113,3
"uMgungundlovu, Kwazulu-Natal",Kwazulu-Natal,C,1365545324.0,1409971731.0,4.427858467468806,73.52201868290851,-3.253382089864635,25.742998034618044,98.70181568383583,Unqualified - Emphasis of Matter items,53.50272285939657,4
"Uthukela, Kwazulu-Natal",Kwazulu-Natal,C,960403347.0,1198929218.0,5.517540842848989,89.81261737718094,-24.83600996863248,54.493007776544154,40.29178648125543,Qualified,28.623256123907026,4
"Umzinyathi, Kwazulu-Natal",Kwazulu-Natal,C,630406132.0,809178028.0,,86.67109611160544,-28.358210195836104,44.772872404291235,,Adverse opinion,21.07403033618594,3
"Amajuba, Kwazulu-Natal",Kwazulu-Natal,C,293124740.0,346408988.0,-2.540008390313475,40.772731552217294,-18.178011177084542,24.14916093343398,,Qualified,41.82720339210514,4
"Zululand, Kwazulu-Natal",Kwazulu-Natal,C,846772615.0,1143584026.0,25.591920326456187,81.92577271394914,-35.052079595181524,34.653220663297375,101.4541660973259,Unqualified - Emphasis of Matter items,43.56119946875282,4
"Umkhanyakude, Kwazulu-Natal",Kwazulu-Natal,C,674725933.0,847330827.0,5.853260429057894,85.24743835229933,-25.581482133427947,160.2762511082345,,Qualified,30.42898789684192,4
"King Cetshwayo, Kwazulu-Natal",Kwazulu-Natal,C,905037977.0,1067263456.0,15.717455612009637,72.99042645887153,-17.924715108391524,0.0,93.19307125646988,Unqualified - No findings,72.55075414993165,4
"iLembe, Kwazulu-Natal",Kwazulu-Natal,C,1477441201.0,1449304260.0,3.06728687322012,87.25039162698326,1.9044372785161012,0.03422331760758089,70.5403532678169,Unqualified - Emphasis of Matter items,61.90490478721921,4
"Overberg, Western Cape",Western Cape,C,283462960.0,268539242.0,7.432603716070666,31.063736646094448,5.264785917708614,5.231574311213703,95.25777162571127,Unqualified - No findings,79.48200078372082,4
"Gert Sibande, Mpumalanga",Mpumalanga,C,844720638.0,826294574.0,13.021509459893899,,2.1813204473879564,8.222219912580474,102.72103045560361,Unqualified - Emphasis of Matter items,73.7719474857811,3
"Nkangala, Mpumalanga",Mpumalanga,C,991473050.0,1094726972.0,5.50903833947009,76.41961203251898,-10.414193507327305,0.025363219058422905,71.82697342837669,Unqualified - No findings,67.10922302693635,4
"Ehlanzeni, Mpumalanga",Mpumalanga,C,393866591.0,422490702.0,0.9556890745491483,36.17727617952052,-7.2674635661088605,0.01723327866278108,24.88321646216852,Unqualified - No findings,68.8530931846295,4
"Mopani, Limpopo",Limpopo,C,1697131488.0,2001831429.0,5.25971740051045,50.88128676313506,-17.953820499734903,24.681524170435033,146.5683350059225,Qualified,53.36336173101269,4
"Vhembe, Limpopo",Limpopo,C,1927061543.0,2144825495.0,3.5966801970525815,88.68755417045182,-11.300311232457613,5.504205506471751,82.80380483545775,Qualified,47.88027853348187,4
"Capricorn, Limpopo",Limpopo,C,990436491.0,992511252.0,6.725967044250698,70.8260710309822,-0.20947945868848242,21.619694443524555,97.7709906348278,Unqualified - No findings,60.81022942958723,4
"Waterberg, Limpopo",Limpopo,C,159762842.0,180957320.0,0.3116727192909356,9.224344408278572,-13.26621242754307,0.0,103.18526888151884,Unqualified - No findings,67.04179494291678,4
"Bojanala Platinum, North West",North West,C,436853793.0,337657154.0,,,22.707056820724457,21.980058506327396,,Unqualified - Emphasis of Matter items,,2
"Ngaka Modiri Molema, North West",North West,C,1030558273.0,1301290721.0,2.767656808643301,100.0,-26.270464765848327,83.9170901150228,,Qualified,18.001135435649257,4
"Dr Ruth Segomotsi Mompati, North West",North West,C,513741975.0,785840716.0,13.419326040622206,90.1119004870186,-52.96408591102567,82.65031090600809,,Qualified,25.562903322919553,4
"Garden Route, Western Cape",Western Cape,C,434774366.0,468139118.0,4.710930779341538,53.22639448997069,-7.6740384459556665,10.065791596591165,94.49165690510057,Unqualified - No findings,63.89557569682007,4
"Dr Kenneth Kaunda, North West",North West,C,229477550.0,250043270.0,31.55795410930276,,-8.961974711687484,20.41268257290028,122.89847353201118,Unqualified - Emphasis of Matter items,62.14391312033107,3
"Sedibeng, Gauteng",Gauteng,C,409965320.0,428395565.0,0.831821720656702,62.114123628884144,-4.4955619660706905,8.739995942768456,86.29263309841971,Unqualified - Emphasis of Matter items,58.592934506883374,4
"Harry Gwala, Kwazulu-Natal",Kwazulu-Natal,C,591885110.0,772459003.0,25.247402277995068,83.28286861933528,-30.508267558884867,35.68756282590702,97.67247521590505,Unqualified - Emphasis of Matter items,43.03545405192697,4
"Alfred Nzo, Eastern Cape",Eastern Cape,C,908273337.0,876771761.0,16.086561496818096,91.81504885621405,3.4682924970635796,0.7887394767496395,81.92411688673609,Unqualified - No findings,66.41139898980207,4
"John Taolo Gaetsewe, Northern Cape",Northern Cape,C,123499346.0,141487368.0,14.48930191421753,32.16898334074931,-14.565277131103189,8.34244651437717,,Unqualified - Emphasis of Matter items,70.81032183860746,4
"Sekhukhune, Limpopo",Limpopo,C,1287830467.0,1593175037.0,-3.5037590486675443,90.37817545195355,-23.70999738120033,7.310733365451294,88.18474070758315,Qualified,28.857086309464336,4
"West Rand, Gauteng",Gauteng,C,278954771.0,356882180.0,44.75230147944064,93.97075215626847,-27.935499622625205,0.2006143876390802,57.496568382239445,Unqualified - No findings,54.43768641314709,4
"Central Karoo, Western Cape",Western Cape,C,121438412.0,122774340.0,-6.698617903382742,58.544273591556184,-1.1000868489617601,8.383410572600106,55.83543527382018,Unqualified - Emphasis of Matter items,54.54055150164905,4
"Namakwa, Northern Cape",Northern Cape,C,74719896.0,69843068.0,9.063202378223133,,6.5268131529519255,3.5391457889564646,90.17457854660091,Unqualified - No findings,79.51844793997294,3
"Pixley Ka Seme (NC), Northern Cape",Northern Cape,C,75304376.0,80240231.0,8.386393005274373,0.0,-6.554539406846688,18.971828483395072,158.51248513674196,Unqualified - Emphasis of Matter items,67.63177386145986,4
"Z F Mgcawu, Northern Cape",Northern Cape,C,91474829.0,94955443.0,6.336040199401735,,-3.804996454270497,0.22978988155528904,89.18516796159217,Unqualified - Emphasis of Matter items,73.61598150337973,3
"Frances Baard, Northern Cape",Northern Cape,C,155169308.0,152583048.0,-0.26125699101252714,80.69234494991164,1.6667342487600705,0.0,97.36620855280519,Unqualified - No findings,61.57534025809106,4
"Dr Beyers Naude, Eastern Cape",Eastern Cape,B,637738997.0,739002838.0,2.9916992713903485,28.65231363457365,-15.878571245659609,29.144502825305796,64.42106214092223,Unqualified - Emphasis of Matter items,51.50753742705459,4
"Blue Crane Route, Eastern Cape",Eastern Cape,B,282143462.0,397529176.0,5.945387042484651,71.45741628769325,-40.89611475739247,8.99272107765997,50.949507685981224,Qualified,50.44830105233183,4
"Makana, Eastern Cape",Eastern Cape,B,777783605.0,842921883.0,-2.9169831862106252,87.9480076922294,-8.37485871150498,8.660941834867513,102.33193631547815,Disclaimer of opinion,37.890837727254464,4
"Ndlambe, Eastern Cape",Eastern Cape,B,522780248.0,617092296.0,2.2970583123273993,76.95701307186673,-18.040476540728065,24.812299066524076,68.91534682068342,Unqualified - Emphasis of Matter items,41.41901461417742,4
"Sundays River Valley, Eastern Cape",Eastern Cape,B,251388738.0,339517601.0,-4.5701474663753885,9.012324828609874,-35.05680632359911,78.56100396986488,40.72763477844031,Disclaimer of opinion,30.182530896597324,4
"Kouga, Eastern Cape",Eastern Cape,B,1209933874.0,1309281113.0,14.683026171477355,67.2935946299412,-8.21096434564324,0.0,83.39486544630873,Unqualified - No findings,79.1816624001892,4
"Mbhashe, Eastern Cape",Eastern Cape,B,441043018.0,403030924.0,1.8147725458406758,77.34153140086735,8.618681726869555,0.6382187685429319,,Unqualified - Emphasis of Matter items,68.58110211300603,4
"Mnquma, Eastern Cape",Eastern Cape,B,474850466.0,767190162.0,-4.395812859758752,89.65373105412642,-61.56458020618222,0.08457837862628902,110.48058139565673,Unqualified - No findings,30.637843246339926,4
"Great Kei, Eastern Cape",Eastern Cape,B,118635264.0,127968684.0,-13.161298368904067,80.66301934063955,-7.867323496662847,4.702664598785747,51.888217288632724,Unqualified - Emphasis of Matter items,44.95822048881256,4
"Amahlathi, Eastern Cape",Eastern Cape,B,265440346.0,306106564.0,7.069362380612002,78.44731309509369,-15.32028518377534,11.312373556288719,,Unqualified - Emphasis of Matter items,55.35598699659176,4
"Ngqushwa, Eastern Cape",Eastern Cape,B,162311237.0,195406309.0,,79.02912484050619,-20.38988341885411,2.038295498432448,,Unqualified - Emphasis of Matter items,55.995302137542915,3
"Raymond Mhlaba, Eastern Cape",Eastern Cape,B,523225201.0,781534664.0,-10.566239841154378,79.46104280426115,-49.36869678798212,4.5216464000629415,219.60207970085136,Qualified,33.51876196577282,4
"Inxuba Yethemba, Eastern Cape",Eastern Cape,B,325951926.0,396330157.0,-3.2908266427982165,11.011405955168598,-21.591598449398333,20.82357790401501,80.69572599026274,Unqualified - Emphasis of Matter items,43.20984743163596,4
"Vuyisile Mini, Eastern Cape",Eastern Cape,B,244937121.0,343139526.0,1.3929447113591922,77.35097178289038,-40.09290408863751,11.739211005379776,45.19082866001057,Qualified,39.093741688546416,4
"Emalahleni (EC), Eastern Cape",Eastern Cape,B,278065360.0,267211510.0,,87.74956820910924,3.9033448826563655,16.43208670165443,109.3320673237385,Qualified,50.34929180782468,3
"Dr. A.B. Xuma, Eastern Cape",Eastern Cape,B,252336219.0,220275493.0,-4.02548018358084,6.139768094817366,12.705558531016905,32.23860041479966,64.2310034353487,Unqualified - Emphasis of Matter items,55.49325989544805,4
"Sakhisizwe, Eastern Cape",Eastern Cape,B,148987868.0,186431235.0,-3.9000456763589,95.91063685367207,-25.131822813922007,18.949456618683023,47.50288403162621,Qualified,19.41771254552772,4
"Enoch Mgijima, Eastern Cape",Eastern Cape,B,1066210498.0,1453273781.0,7.614742117197805,92.96038208378363,-36.30270792925545,45.0238600981132,73.68851731109291,Qualified,25.759492838193765,4
"Elundini, Eastern Cape",Eastern Cape,B,317601904.0,386723076.0,4.708282357580337,,-21.763462727855686,0.0,56.90671011117241,Unqualified - Emphasis of Matter items,61.603093986991496,3
"Senqu, Eastern Cape",Eastern Cape,B,344846599.0,316979304.0,31.90130264151252,83.79218296545541,8.081069983236228,2.4888148533508043,64.08062806821087,Unqualified - No findings,76.39237987800097,4
"Walter Sisulu, Eastern Cape",Eastern Cape,B,566373962.0,579443715.0,-3.3369157796456554,74.51209936374362,-2.3076189720741436,22.375131465529833,237.00747203467608,Qualified,44.2292002051233,4
"Ngquza Hills, Eastern Cape",Eastern Cape,B,458103615.0,436478588.0,9.777025854931514,,4.720553667754838,2.0394480381704314,71.3506594352529,Qualified,80.33414530169019,3
"Port St Johns, Eastern Cape",Eastern Cape,B,244956257.0,326078786.0,11.032680660188669,,-33.117149156961524,14.503874226273647,70.66099894505115,Qualified,47.11582506477314,3
"Nyandeni, Eastern Cape",Eastern Cape,B,519082004.0,396198316.0,14.92446070871235,4.138132228100154,23.67327070733895,43.78957885323268,53.76492070037919,Qualified,73.66235684515573,4
"Kumkani Mhlontlo, Eastern Cape",Eastern Cape,B,288476689.0,335066483.0,3.6574234373660106,2.47723989717577,-16.15028034379582,10.186023589831873,64.65039014537956,Qualified,61.68265515828965,4
"King Sabata Dalindyebo, Eastern Cape",Eastern Cape,B,1595010261.0,1810475431.0,-0.572394630855391,7.38008640519823,-13.508701183208249,4.525219541628787,86.6420869433978,Unqualified - Emphasis of Matter items,59.17371036081691,4
"Matatiele, Eastern Cape",Eastern Cape,B,535492489.0,601781398.0,9.539501810921712,92.79616758885403,-12.3790548628965,0.08669892451544339,83.33196341279839,Qualified,56.398069421415,4
"Umzimvubu, Eastern Cape",Eastern Cape,B,374685197.0,443484860.0,-6.461731198670458,89.4964179322038,-18.361991226464173,5.726805871118126,51.881592144703305,Unqualified - No findings,31.720674751705783,4
"Winnie Madikizela-Mandela, Eastern Cape",Eastern Cape,B,506651547.0,413139742.0,14.35828551202416,82.92556065877811,18.45682808109535,40.55946668040472,69.30000765013149,Unqualified - Emphasis of Matter items,59.58012564395321,4
"Ntabankulu, Eastern Cape",Eastern Cape,B,197199279.0,221574896.0,1.5885248661021598,83.081622940538,-12.360905741445434,3.1962122640463746,,Unqualified - Emphasis of Matter items,50.478986617459235,4
"City of Ekurhuleni, Gauteng",Gauteng,A,51635110646.0,53448163828.0,-1.4831204532881004,64.08436924390782,-3.511279746120678,0.9761067558446042,105.03194592398724,Unqualified - Emphasis of Matter items,61.51642798265816,4
"eThekwini, Kwazulu-Natal",Kwazulu-Natal,A,54910296140.0,55488723579.0,2.077297071501267,,-1.0534043333607852,2.9172377657874615,93.01368226582021,Unqualified - Emphasis of Matter items,62.00848265894589,3
"Letsemeng, Free State",Free State,B,247513684.0,359879785.0,7.753005432077826,84.34524704324303,-45.3979348471093,53.5286298451023,,Qualified,30.94235685240995,4
"Kopanong, Free State",Free State,B,402078676.0,580773525.0,-6.897078175180248,84.4820824197542,-44.44275701902679,17.447402066063532,58.69477082526391,Outstanding,22.643242307233464,4
"Mohokare, Free State",Free State,B,226912897.0,310054877.0,3.3014186840221833,94.6712977785918,-36.640482360947516,3.9726203048888022,67.66317521871798,Outstanding,34.79619458500618,4
"Tokologo, Free State",Free State,B,203044867.0,382702372.0,,,-88.48167779587357,14.845760088468957,64.07437898951197,Qualified,,2
"Tswelopele, Free State",Free State,B,232413106.0,311980602.0,16.70769015312048,90.92409182429175,-34.235373972412724,43.21731644071897,54.579812847854626,Unqualified - Emphasis of Matter items,32.61283067178868,4
"Matjhabeng, Free State",Free State,B,3732410091.0,4530281003.0,-2.8142428055913684,75.48056252516723,-21.37682871246958,31.150031975179886,55.62827083921707,Outstanding,32.544766028933964,4
"Setsoto, Free State",Free State,B,672129668.0,844513526.0,3.446452053628801,,-25.647410939759318,10.452881248464456,126.45324101749272,Unqualified - Emphasis of Matter items,43.6200224401965,3
"Dihlabeng, Free State",Free State,B,1234345533.0,1240146483.0,0.5867252796136019,82.9204982369464,-0.46996159867011894,47.431106571948405,70.91926678446985,Qualified,38.291555305966014,4
"Nketoana, Free State",Free State,B,645864083.0,977621116.0,2.4396539978172895,87.39185189983813,-51.366385239911224,59.151818688826275,68.03982562434426,Disclaimer of opinion,19.700121353404867,4
"Maluti-a-Phofung, Free State",Free State,B,1533097734.0,2960781938.0,-2.4087490309460273,,-93.12414807861167,14.75070812864436,102.67084674197542,Outstanding,20.245589707379462,3
"Phumelela, Free State",Free State,B,300584534.0,326916213.0,3.5295570733899333,85.63876693154111,-8.760157633393074,44.91387614354874,68.04490604423273,Unqualified - Emphasis of Matter items,37.14363603066113,4
"Moqhaka, Free State",Free State,B,1214593440.0,1437561544.0,-0.05681823108089486,73.41608738520718,-18.35742699219584,14.747393868794253,87.35878873061347,Qualified,42.83306807575502,4
"Ngwathe, Free State",Free State,B,1073831651.0,1230470137.0,-2.1470863246151257,0.0,-14.586875498978936,39.77236125316871,96.4786465543686,Qualified,43.681648237950405,4
"Metsimaholo, Free State",Free State,B,1703703259.0,1807816222.0,1.4504955935725639,79.47431605486662,-6.110979858142069,13.066353655056426,68.20761924682031,Qualified,49.70800678574026,4
"Emfuleni, Gauteng",Gauteng,B,7871949033.0,9298491554.0,-1.5465115411987393,71.34734775270275,-18.121846508657395,20.52174384327026,105.4026085884436,Qualified,39.42615251441894,4
"Midvaal, Gauteng",Gauteng,B,1540418589.0,1612006640.0,28.239440889647952,64.0638534312232,-4.6473115496790465,0.06415209307078289,93.21321297387097,Unqualified - No findings,83.14341837073516,4
"Lesedi, Gauteng",Gauteng,B,1168639478.0,1300145580.0,5.258222160013804,89.37621107113233,-11.252923119203405,2.750608820283033,117.76551015963277,Unqualified - Emphasis of Matter items,52.103715251488055,4
"Mogale City, Gauteng",Gauteng,B,4066991958.0,3919193286.0,0.257082277518476,9.537945935344885,3.634102883072384,15.705756978070104,71.43116195507513,Unqualified - Emphasis of Matter items,61.89085309303625,4
"Merafong City, Gauteng",Gauteng,B,2575440000.0,3260953182.0,-1.7569271633903514,80.58379025200142,-26.61732294287578,42.84278001020378,95.31742836654054,Qualified,25.874473235610917,4
"Rand West City, Gauteng",Gauteng,B,2844787855.0,3192980755.0,17.264942201006157,84.45424855935855,-12.239678940839685,23.396512641993674,219.8178032113861,Unqualified - Emphasis of Matter items,51.84691833311208,4
"City of Johannesburg, Gauteng",Gauteng,A,71189750980.0,74870489318.0,0.5958191361422724,,-5.17032056908594,6.32921735007379,42.343294617541424,Unqualified - Emphasis of Matter items,52.083180912032354,3
"Umdoni, Kwazulu-Natal",Kwazulu-Natal,B,376202348.0,413535858.0,8.34149410085739,80.16957856152203,-9.923784420399205,5.57373189146756,86.56098194328102,Qualified,60.84311500535857,4
"Umzumbe, Kwazulu-Natal",Kwazulu-Natal,B,189500694.0,247251426.0,,80.45554401552887,-30.47520870820663,0.25177165206723623,,Adverse opinion,53.653866618727186,3
"uMuziwabantu, Kwazulu-Natal",Kwazulu-Natal,B,204683601.0,294963921.0,2.7888413647715242,,-44.10725605711813,1.9959044414791325,87.40985667361542,Unqualified - Emphasis of Matter items,45.54992187522154,3
"Ray Nkonyeni, Kwazulu-Natal",Kwazulu-Natal,B,1328475111.0,1338504080.0,1.5902318086322156,87.75361262612572,-0.7549233641607909,13.881200720732956,98.51057484984537,Unqualified - Emphasis of Matter items,45.325585912756786,4
"uMshwathi, Kwazulu-Natal",Kwazulu-Natal,B,227264005.0,230208157.0,-1.9150798553154658,72.22679930748863,-1.2954765978008704,1.1062661867363806,157.23978412737168,Unqualified - No findings,59.150009631641325,4
"uMngeni, Kwazulu-Natal",Kwazulu-Natal,B,528341968.0,503687096.0,2.299346481570376,73.84816422009139,4.6664610220780345,0.6318154714052869,62.68277999737639,Unqualified - Emphasis of Matter items,69.51245858245849,4
"Mpofana, Kwazulu-Natal",Kwazulu-Natal,B,204193396.0,301766323.0,19.726450442914402,88.15746872741768,-47.78456547145139,51.199290386024956,68.59637350710314,Unqualified - Emphasis of Matter items,32.44120750182527,4
"Impendle, Kwazulu-Natal",Kwazulu-Natal,B,67603271.0,90779750.0,25.41549114202231,78.68276084793608,-34.283073373772105,65.05211018977249,77.17915896947336,Unqualified - Emphasis of Matter items,42.12269430014569,4
"Msunduzi, Kwazulu-Natal",Kwazulu-Natal,B,6927536750.0,8034115714.0,0.5472067936909478,73.1333559365722,-15.973628201972367,0.7338368664178292,69.650917840879,Outstanding,55.51416873461732,4
"Mkhambathini, Kwazulu-Natal",Kwazulu-Natal,B,227390141.0,246851092.0,1.6967549651350136,83.79767463313547,-8.558396997519782,0.4382168177728783,,Unqualified - Emphasis of Matter items,55.09822089636849,4
"Richmond, Kwazulu-Natal",Kwazulu-Natal,B,147927560.0,170010344.0,16.351499294654683,92.06230353779235,-14.928106703037622,0.2930968717997535,86.20224441762096,Unqualified - No findings,57.9931995534295,4
"Okhahlamba, Kwazulu-Natal",Kwazulu-Natal,B,220035582.0,285890336.0,0.7666061856669405,84.51811640607139,-29.929138460887657,23.859739001461037,115.26894920534376,Unqualified - Emphasis of Matter items,29.024162889684963,4
"Inkosi Langalibalele, Kwazulu-Natal",Kwazulu-Natal,B,757038302.0,816617105.0,4.056048676570398,84.1542678488649,-7.869985289066656,24.375303649805378,93.57074870426077,Qualified,44.4893345647062,4
"Alfred Duma, Kwazulu-Natal",Kwazulu-Natal,B,1464631874.0,1291606793.0,10.38027908544764,86.99343631457103,11.813554250151462,1.0999703684587234,78.07601487189369,Unqualified - Emphasis of Matter items,70.403100593838,4
"Endumeni, Kwazulu-Natal",Kwazulu-Natal,B,389123942.0,456733638.0,7.932730884165795,80.62943945148257,-17.37484865426245,12.292807082450976,89.55662381654201,Disclaimer of opinion,52.926220572302164,4
"Nquthu, Kwazulu-Natal",Kwazulu-Natal,B,284220386.0,325123918.0,-12.380360352325726,72.82693021794395,-14.391484219573186,49.930467434881244,24.816730887192342,Unqualified - Emphasis of Matter items,30.98252617145456,4
"Msinga, Kwazulu-Natal",Kwazulu-Natal,B,471802167.0,368308356.0,23.150712344956954,,21.935849014445076,3.2781241053352588,110.7534738781411,Unqualified - No findings,88.35933238997545,3
"Umvoti, Kwazulu-Natal",Kwazulu-Natal,B,389121065.0,444737208.0,28.031321103225526,62.647458632740594,-14.292760788984785,0.18258715155670088,,Unqualified - No findings,78.35572574532779,4
"Newcastle, Kwazulu-Natal",Kwazulu-Natal,B,2405952145.0,2942772219.0,8.717656050429094,78.82259105582934,-22.312167559758343,9.45481550368,116.5045148315144,Unqualified - Emphasis of Matter items,53.684042051990026,4
"Emadlangeni, Kwazulu-Natal",Kwazulu-Natal,B,113246879.0,167948705.0,1.3285802233485515,81.76820237653094,-48.30316427528214,37.816858427101295,28.353727796708878,Unqualified - Emphasis of Matter items,25.212862405755164,4
"Dannhauser, Kwazulu-Natal",Kwazulu-Natal,B,172295158.0,192881635.0,-0.9490386578276361,88.77122281640001,-11.948378143046828,28.672852653908702,71.18156701275616,Unqualified - Emphasis of Matter items,28.812757265558233,4
"eDumbe, Kwazulu-Natal",Kwazulu-Natal,B,274356335.0,238417493.0,-21.794139241284615,87.34997116383707,13.099330110237842,64.84217204649492,,Unqualified - Emphasis of Matter items,31.84057302363567,4
"uPhongolo, Kwazulu-Natal",Kwazulu-Natal,B,322069925.0,403441968.0,-1.854339764672177,91.40919599270909,-25.265334228273566,34.204544381956815,152.29197106586605,Unqualified - Emphasis of Matter items,18.46015684110654,4
"Abaqulusi, Kwazulu-Natal",Kwazulu-Natal,B,760730516.0,998252174.0,2.5716395264269165,80.25049448379382,-31.222838180452328,44.6907637788926,200.0172158371446,Unqualified - Emphasis of Matter items,31.078535681224785,4
"Nongoma, Kwazulu-Natal",Kwazulu-Natal,B,248714945.0,303985891.0,2.5073921473546283,85.20370506657092,-22.222607491479852,37.12680599376897,,Qualified,30.940608829864065,4
"Ulundi, Kwazulu-Natal",Kwazulu-Natal,B,490018057.0,624997463.0,20.435311706217277,76.34466500682619,-27.54580246009179,31.449563500068162,210.07013264649768,Unqualified - Emphasis of Matter items,49.75239847982957,4
"Umhlabuyalingana, Kwazulu-Natal",Kwazulu-Natal,B,279352556.0,348885362.0,3.9890764233324294,88.52862561259083,-24.890699765066763,13.517064095110989,182.17103714648673,Unqualified - Emphasis of Matter items,38.64267792800412,4
"Jozini, Kwazulu-Natal",Kwazulu-Natal,B,329303464.0,393888130.0,4.845163706761105,88.78208641912791,-19.612507325461966,25.161846588268606,,Unqualified - Emphasis of Matter items,34.56790976500707,4
"Mtubatuba, Kwazulu-Natal",Kwazulu-Natal,B,392630295.0,354169306.0,0.578476825995757,81.78987090216945,9.795726282405182,88.95642921693502,,Qualified,42.004249347597266,4
"Hlabisa Big Five, Kwazulu-Natal",Kwazulu-Natal,B,201390317.0,206205395.0,6.9934579354725415,86.636840646846,-2.3909183280147475,1.77805047244278,,Unqualified - Emphasis of Matter items,61.98718417960211,4
"Mfolozi, Kwazulu-Natal",Kwazulu-Natal,B,242389741.0,258729613.0,14.161274102010118,66.13989535676737,-6.741156590451573,42.59246698598819,,Unqualified - Emphasis of Matter items,58.66931637373089,4
"uMhlathuze, Kwazulu-Natal",Kwazulu-Natal,B,5007621931.0,5256459101.0,0.5632798602840303,34.43137282316203,-4.969168468161659,0.0,88.76046956828414,Unqualified - No findings,70.08767184203343,4
"uMlalazi, Kwazulu-Natal",Kwazulu-Natal,B,470686985.0,523258569.0,-0.21907251747271433,60.75564754039561,-11.169117837409505,1.7178015865421976,130.01654901679004,Unqualified - No findings,59.620830539629765,4
"Mthonjaneni, Kwazulu-Natal",Kwazulu-Natal,B,174919266.0,230246494.0,-0.7892840965474159,63.97111854584404,-31.63015102064286,59.335086770094314,,Unqualified - Emphasis of Matter items,30.591186830562183,4
"Nkandla, Kwazulu-Natal",Kwazulu-Natal,B,219181764.0,218980092.0,11.139594771930227,76.01435797632057,0.09201130437110634,4.945203877254741,,Unqualified - Emphasis of Matter items,70.84515220796062,4
"Mandeni, Kwazulu-Natal",Kwazulu-Natal,B,423766751.0,398005823.0,40.646998885742434,78.49596678458441,6.079034737673414,3.7860235024752384,294.3988844167806,Unqualified - Emphasis of Matter items,79.0284129627054,4
"KwaDukuza, Kwazulu-Natal",Kwazulu-Natal,B,2608355902.0,2545849326.0,11.888335974522633,67.7019737856931,2.396397514314364,2.3779435955511845,70.97348179698125,Unqualified - Emphasis of Matter items,78.40637165882451,4
"Ndwedwe, Kwazulu-Natal",Kwazulu-Natal,B,249601386.0,282176321.0,,81.8470962018516,-13.050782899098165,14.082401690962582,268.6272268355815,Unqualified - Emphasis of Matter items,47.726997056474566,3
"Maphumulo, Kwazulu-Natal",Kwazulu-Natal,B,169611958.0,178215937.0,,38.364224457903084,-5.072743161186784,11.612017055466819,,Unqualified - Emphasis of Matter items,68.6896507546852,3
"Greater Kokstad, Kwazulu-Natal",Kwazulu-Natal,B,507824532.0,506815447.0,6.298474150492891,55.16855815939168,0.19870741494623184,4.759278972805263,88.22012087419152,Unqualified - Emphasis of Matter items,73.43643443167018,4
"Johannes Phumani Phungula, Kwazulu-Natal",Kwazulu-Natal,B,265179407.0,248827457.0,26.91111994123703,70.66399840623725,6.166372489097541,4.324837833310332,273.70161713184837,Unqualified - Emphasis of Matter items,81.7006172955525,4
"Umzimkhulu, Kwazulu-Natal",Kwazulu-Natal,B,292248442.0,325516847.0,10.916863912730145,80.02321336123005,-11.383603885901982,1.189849630117608,155.40292403124693,Unqualified - Emphasis of Matter items,65.68710937198598,4
"Dr Nkosazana Dlamini Zuma, Kwazulu-Natal",Kwazulu-Natal,B,264411039.0,276902496.0,11.250629940150485,85.19785169683227,-4.724256992916246,9.673926882912605,92.05226030697999,Unqualified - Emphasis of Matter items,58.3649859370123,4
"Greater Giyani, Limpopo",Limpopo,B,566351784.0,586171419.0,-0.4093967263183809,86.18483582430004,-3.4995272478915687,1.8947216872066563,,Unqualified - Emphasis of Matter items,49.89772143262108,4
"Greater Letaba, Limpopo",Limpopo,B,477369522.0,520028505.0,-3.192860806735969,94.42040764742606,-8.936260283495853,16.798969510334825,102.60704560354621,Unqualified - Emphasis of Matter items,27.990046930263027,4
"Greater Tzaneen, Limpopo",Limpopo,B,1648183515.0,1504251233.0,47.188035984146005,82.28695431149924,8.732782526343858,6.926790998349143,128.24578992328028,Unqualified - Emphasis of Matter items,74.42629092186316,4
"Ba-Phalaborwa, Limpopo",Limpopo,B,553272374.0,817887412.0,7.794656641567189,89.94184576202413,-47.82726382792429,13.802507086391005,140.17996940510557,Qualified,35.74289317754673,4
"Maruleng, Limpopo",Limpopo,B,390238088.0,292370169.0,7.2623532806454,81.1713525249416,25.079027908726324,9.373399855988728,90.96358295952099,Unqualified - Emphasis of Matter items,68.22233105768083,4
"Musina, Limpopo",Limpopo,B,502243503.0,486788946.0,0.049990009428028385,78.67967942937234,3.0771044140316137,6.729110483950882,68.12099954616862,Unqualified - Emphasis of Matter items,55.91412387708614,4
"Thulamela, Limpopo",Limpopo,B,900593145.0,899411854.0,13.167619607557452,92.94170738912607,0.1311681092131786,2.0413973774466174,94.45599084624997,Qualified,61.089101469753516,4
"Makhado, Limpopo",Limpopo,B,1154499642.0,1297328735.0,-0.9753216913059434,83.50409736718373,-12.371514706801442,0.11303935235813611,64.14082082645314,Unqualified - Emphasis of Matter items,50.151803866940774,4
"Collins Chabane, Limpopo",Limpopo,B,604885833.0,596646686.0,9.006969340645933,94.03532948785225,1.362099515397313,20.261521070444697,103.48544008359761,Qualified,47.54417851859751,4
"Blouberg, Limpopo",Limpopo,B,373602909.0,349678021.0,4.944161920888932,69.30170255301368,6.403828081542053,9.910141592799738,65.58429997655759,Qualified,68.96370101143116,4
"Molemole, Limpopo",Limpopo,B,285440010.0,274033614.0,14.459943691433416,93.23219797888011,3.9960746918415535,6.643489364045682,89.93997949926444,Unqualified - Emphasis of Matter items,60.30400193542902,4
"Polokwane, Limpopo",Limpopo,B,4470687744.0,5311959607.0,1.6576831398334089,79.98351799305213,-18.817504401398875,25.802647862642154,146.05632877170888,Unqualified - Emphasis of Matter items,37.26378655201288,4
"Lepelle-Nkumpi, Limpopo",Limpopo,B,487302126.0,359576632.0,34.52756511719038,87.81349726510315,26.210740151788297,15.608076834091932,10.822380322402331,Unqualified - Emphasis of Matter items,66.39122060230831,4
"Thabazimbi, Limpopo",Limpopo,B,443010378.0,612459667.0,3.9763673123637706,90.6508813575006,-38.249507780154076,14.488086935527136,42.81095794563021,Disclaimer of opinion,32.01489188260041,4
"Lephalale, Limpopo",Limpopo,B,749040162.0,796142065.0,11.045511979071222,82.01875888923821,-6.288301400853323,5.405252390476315,55.18391751408964,Unqualified - Emphasis of Matter items,62.95616909099794,4
"Bela Bela, Limpopo",Limpopo,B,546831010.0,547329766.0,2.0196915217653264,84.80864597830396,-0.09120843384503742,15.544720438244902,113.51945527706164,Qualified,47.483713013227835,4
"Mogalakwena, Limpopo",Limpopo,B,1237638889.0,1155364418.0,3.188538793999799,70.1327858450826,6.647696006585327,56.90307142555605,112.55488449981117,Unqualified - Emphasis of Matter items,54.2119144425357,4
"Modimolle-Mookgopong, Limpopo",Limpopo,B,1525264937.0,1188373528.0,6.722369763187792,84.39985380418598,22.08740270805819,10.206586577549546,95.76048889405496,Qualified,64.09886441267136,4
"Ephraim Mogale, Limpopo",Limpopo,B,456430501.0,455860038.0,11.19658885300229,85.80116579738058,0.12498354048429379,5.077581729153455,93.46172980131038,Unqualified - Emphasis of Matter items,63.29260263567343,4
"Elias Motsoaledi, Limpopo",Limpopo,B,670673094.0,690606568.0,-0.9307425295150104,84.49797889149863,-2.9721594884794946,7.561908099315963,102.55716530420713,Qualified,45.98723161238556,4
"Makhuduthamaga, Limpopo",Limpopo,B,424929354.0,587591874.0,-4.919930679640406,75.02932291728453,-38.27989722734005,5.443063019622358,295.2825052685659,Unqualified - Emphasis of Matter items,37.854502516987594,4
"Tubatse Fetakgomo, Limpopo",Limpopo,B,1017140111.0,1184589870.0,3.1524444017067275,89.8888449420571,-16.46280165230845,27.225226904903383,96.91125425446897,Unqualified - Emphasis of Matter items,32.617897835093245,4
"Mangaung, Free State",Free State,A,9455232904.0,10678921555.0,8.376539428189478,75.1520024389304,-12.941919711806605,16.320164297714047,106.35622772665683,Qualified,56.325320523283345,4
"Albert Luthuli, Mpumalanga",Mpumalanga,B,627181031.0,703499577.0,3.2859765429539127,91.1541685213485,-12.168503546466475,0.2722764963368272,86.97341105937858,Qualified,50.096827094661066,4
"Msukaligwa, Mpumalanga",Mpumalanga,B,1048562876.0,1483756943.0,4.944188331255545,81.92455473323899,-41.50385989824038,27.22582198558919,78.66300396849564,Qualified,35.1204545396092,4
"Mkhondo, Mpumalanga",Mpumalanga,B,777973601.0,981055562.0,-2.4605594519834137,92.11259980146673,-26.103965576590305,20.133620831558975,108.5542544918147,Unqualified - Emphasis of Matter items,21.229852360556684,4
"Pixley Ka Seme (MP), Mpumalanga",Mpumalanga,B,468586392.0,554892190.0,0.26431899861484803,94.43784129243937,-18.418332131164405,2.743380655618887,90.92703394316523,Unqualified - Emphasis of Matter items,35.52452670589359,4
"Lekwa, Mpumalanga",Mpumalanga,B,1437318630.0,1659782421.0,2.4232391794924304,88.14502081533739,-15.477694810092318,36.03899152273284,110.5812574428822,Qualified,31.27028093595153,4
"Dipaleseng, Mpumalanga",Mpumalanga,B,366635814.0,481633532.0,0.205971663949677,93.48851769871168,-31.365653220118862,61.50084292719055,268.0498881602799,Qualified,13.51117560562778,4
"Govan Mbeki, Mpumalanga",Mpumalanga,B,3550556783.0,4220144233.0,2.220933331782644,89.38634727214034,-18.858660512232117,32.34033726448705,100.73619693634276,Qualified,28.454849216506698,4
"Victor Khanye, Mpumalanga",Mpumalanga,B,691478439.0,1023988520.0,1.6649449546563275,,-48.08683282748025,58.19616551951188,133.20174085049308,Qualified,16.125753008489276,3
"Steve Tshwete, Mpumalanga",Mpumalanga,B,2168528973.0,2566551480.0,2.036342485520688,67.29848655069645,-18.354493389560997,5.977566247765269,105.99208853518287,Qualified,54.10463358776561,4
"Emakhazeni, Mpumalanga",Mpumalanga,B,400673067.0,574588569.0,3.685206797074308,77.01843704356868,-43.40583790724322,15.376025693264358,119.28815961337575,Qualified,41.46233548474063,4
"Thembisile Hani, Mpumalanga",Mpumalanga,B,960552788.0,1081617023.0,3.9076499852757953,94.88364849720195,-12.603600396816505,5.893417600177693,37.44565209213972,Unqualified - Emphasis of Matter items,42.31219239172218,4
"Dr J.S. Moroka, Mpumalanga",Mpumalanga,B,956245975.0,698612020.0,6.316068154681908,90.05756794349209,26.942226345057296,32.20828851470377,105.40536498867776,Qualified,49.966403014911464,4
"Thaba Chweu, Mpumalanga",Mpumalanga,B,927455206.0,1165926692.0,-1.159227444807482,89.82493029390595,-25.7124532222422,12.644383305704437,109.9710115468199,Outstanding,28.11839489834942,4
"Nkomazi, Mpumalanga",Mpumalanga,B,1258212236.0,1759752459.0,12.05209343594388,62.018331023680496,-39.861337272831925,30.158498673250044,94.2489103996042,Unqualified - Emphasis of Matter items,49.5024246610114,4
"Bushbuckridge, Mpumalanga",Mpumalanga,B,1719611807.0,1805474160.0,0.15625027832023916,86.73057801243765,-4.993124183637336,0.41922206186545474,124.3827546513081,Unqualified - Emphasis of Matter items,51.302328235784685,4
"City of Mbombela, Mpumalanga",Mpumalanga,B,4113274388.0,4853180727.0,-8.352443073566999,68.00395477833945,-17.98825629426986,19.025059727597487,75.51277510371908,Unqualified - Emphasis of Matter items,38.4162130133927,4
"Richtersveld, Northern Cape",Northern Cape,B,91509158.0,128176705.0,-4.409646947938005,88.14933542314957,-40.06981137341467,17.248761387648404,102.78032239695594,Qualified,21.159790330940027,4
"Nama Khoi, Northern Cape",Northern Cape,B,402008658.0,419111673.0,-2.319710021534046,85.91861021887402,-4.254389715158821,35.384073638053984,46.41153280564001,Unqualified - Emphasis of Matter items,31.951891352975554,4
"Kamiesberg, Northern Cape",Northern Cape,B,70965981.0,92980344.0,-0.8054015803598231,,-31.02100850265143,41.13039633408971,25.67812716323356,Qualified,17.68068186437009,3
"Hantam, Northern Cape",Northern Cape,B,128850401.0,157495686.0,-1.0385134739500104,76.48765438445754,-22.231428678285603,16.11126542221607,82.13435479472744,Qualified,38.124197129658775,4
"Karoo Hoogland, Northern Cape",Northern Cape,B,76615911.0,94025354.0,12.368652778483556,86.05758377527486,-22.723012456250764,18.899306669986053,73.65142127192198,Qualified,45.317361427522016,4
"Khai-Ma, Northern Cape",Northern Cape,B,71877819.0,90731034.0,-1.1474600410704014,89.51136915478088,-26.22953125497589,15.289535882507414,,Qualified,26.844306809685825,4
"Ubuntu, Northern Cape",Northern Cape,B,165811336.0,111054579.0,,90.56481433992658,33.02353042978919,34.21258748817552,47.59914492198233,Qualified,44.33241173814712,3
"Umsobomvu, Northern Cape",Northern Cape,B,177653738.0,209813917.0,0.22070368192020362,82.90161471768222,-18.10273139313286,0.8671607803785486,77.30461150233592,Qualified,47.959035172010694,4
"Emthanjeni, Northern Cape",Northern Cape,B,327679032.0,376034855.0,3.6558616354858913,72.12474589271642,-14.757069655894247,43.391073149322814,139.27580752502908,Qualified,44.066280052386105,4
"Renosterberg, Northern Cape",Northern Cape,B,61254036.0,98455212.0,8.827763105116263,93.66058789700202,-60.7326119702545,10.253081370643944,103.96341490193532,Qualified,34.10661250921041,4
"Thembelihle, Northern Cape",Northern Cape,B,87653296.0,131702841.0,54.88014415725474,,-50.254293917253264,49.2685127422574,73.12937246054916,Qualified,38.07652352770476,3
"Siyathemba, Northern Cape",Northern Cape,B,146526246.0,216495373.0,51.506624319402896,,-47.75194131432262,32.718726510612306,101.29871346054288,Qualified,42.41288827258695,3
"Siyancuma, Northern Cape",Northern Cape,B,249244998.0,265537560.0,-4.58533798382421,,-6.536765885267635,30.33143635122655,278.05865836592267,Qualified,30.198974783609017,3
"!Kheis, Northern Cape",Northern Cape,B,66385240.0,62383410.0,5.839739122949515,93.4540630831209,6.028192411445677,14.005915995935458,66.27556867820836,Outstanding,51.489564490878564,4
"Tsantsabane, Northern Cape",Northern Cape,B,194180415.0,358929044.0,-4.387153946783978,,-84.843071841205,41.072445226806444,124.12113190165948,Disclaimer of opinion,8.2486910673083,3
"Kgatelopele, Northern Cape",Northern Cape,B,94626574.0,154781313.0,2.55075303567169,70.40136422050244,-63.57066145076752,24.05011579143278,227.99817233562422,Qualified,36.781979934399324,4
"Dawid Kruiper, Northern Cape",Northern Cape,B,959490200.0,943955820.0,6.457870115150093,68.00091225120359,1.619024352723978,3.964240296754566,86.24411442110184,Qualified,72.83488105664877,4
"Sol Plaatje, Northern Cape",Northern Cape,B,2925084316.0,2797419413.0,-0.4148607615314351,78.35150250135531,4.3644862577698085,4.812105234360866,87.25256341579255,Qualified,58.2851657291891,4
"Dikgatlong, Northern Cape",Northern Cape,B,359616310.0,307446153.0,-12.745808531876474,93.26400804371748,14.507172102399915,18.573806321134875,167.66703350470925,Qualified,36.21516649813767,4
"Magareng, Northern Cape",Northern Cape,B,156318595.0,207686115.0,1.350013524014352,89.87284802968183,-32.86078665177358,38.790210409588525,71.21577268874142,Qualified,20.52833229235108,4
"Joe Morolong, Northern Cape",Northern Cape,B,345742932.0,501614647.0,-5.802746441732192,91.38705571380619,-45.083124070920995,41.38460574098826,138.02022598796142,Qualified,9.993748418495045,4
"Ga-Segonyana, Northern Cape",Northern Cape,B,587893746.0,752902937.0,2.2471413576116785,73.7764001417111,-28.067859561819525,23.292686265613543,95.87137240889916,Unqualified - Emphasis of Matter items,39.6137259264198,4
"Gamagara, Northern Cape",Northern Cape,B,673431654.0,732534786.0,13.449725070121106,70.44636549904494,-8.776411332752707,23.029357270686663,94.84971416830665,Unqualified - Emphasis of Matter items,60.386287098223555,4
"Nelson Mandela Bay, Eastern Cape",Eastern Cape,A,16339068463.0,17487139397.0,2.514820380716154,81.495330568919,-7.026538487183766,19.499971805480083,84.73189228273449,Qualified,46.59769788274696,4
"Moretele, North West",North West,B,595827503.0,742360850.0,13.363920627010437,,-24.593249935963428,14.497190146813372,93.96482107743577,Unqualified - Emphasis of Matter items,53.051814735098866,3
"Madibeng, North West",North West,B,2527358891.0,3292397218.0,3.3449126623578627,84.95819382389286,-30.27026868737654,19.12425428370654,106.01216201527409,Qualified,35.189368999225316,4
"Rustenburg, North West",North West,B,6000410651.0,6554006493.0,57.99407583162429,,-9.225965924644514,5.016671868591632,57.13244853209408,Qualified,74.80151201930575,3
"Kgetlengrivier, North West",North West,B,256123693.0,405336587.0,2.0184831032783133,,-58.25813779750552,65.22636284989491,177.31232882786455,Qualified,14.924947278771706,3
"Moses Kotane, North West",North West,B,1050573136.0,1230440374.0,14.783031685532126,78.06423188750483,-17.120867823142206,27.330652594466965,44.33902947267271,Qualified,52.33197896826755,4
"Ratlou, North West",North West,B,793551.0,19463264.0,17.81812012620288,20.159302535208184,,85.04403988971222,7.606741909529559,Disclaimer of opinion,61.730930916434346,3
"Tswaing, North West",North West,B,363172718.0,397169228.0,-6.823081167808901,87.41219387950609,-9.360975732764155,66.95794670175202,80.17034112912737,Qualified,21.70421399310967,4
"Mafikeng, North West",North West,B,1177335500.0,655374687.0,19.622442805759448,,44.33407580082313,71.25311219107246,48.97902255646013,Qualified,64.494608775875,3
"Ditsobotla, North West",North West,B,343103225.0,623486412.0,59.63965949589932,,-81.71977602367335,6.955864340472588,,Disclaimer of opinion,54.883602114709674,3
"Naledi (NW), North West",North West,B,496060867.0,703362373.0,1.3884333104637088,93.52960367826033,-41.78953023520801,23.468235768136548,57.18347713888002,Qualified,19.965668936120093,4
"Mamusa, North West",North West,B,165966829.0,318190769.0,2.7453621069692313,93.45483790052832,-91.7194965507234,28.151096048924035,118.75023062959565,Adverse opinion,19.40071983741552,4
"Lekwa-Teemane, North West",North West,B,400401444.0,515601264.0,-1.9743526928203963,84.60167284925814,-28.77108005634465,54.75828080980034,215.24010720097735,Disclaimer of opinion,19.490331691832584,4
"Kagisano-Molopo, North West",North West,B,,2066448383.0,0.1629103435486102,20.159302535208184,,6.8886865102015955,48.46639088401466,Outstanding,60.61866660230185,3
"City of Matlosana, North West",North West,B,4068451088.0,5243404580.0,6.484813534644316,82.65854718122118,-28.87962683060281,28.53263474473297,71.10793689067455,Qualified,38.728294184552794,4
"Maquassi Hills, North West",North West,B,642008401.0,797984663.0,16.60232308499894,88.6674655083975,-24.295049995771006,31.2599803688207,48.83875778960653,Adverse opinion,40.549742003248184,4
"J B Marks, North West",North West,B,1847612400.0,2717777310.0,0.6833218178571077,,-47.096723858315734,18.935809424356407,27.50007481498847,Qualified,25.520151277550443,3
"City of Tshwane, Gauteng",Gauteng,A,45863046759.0,45311443489.0,21.152161613316817,72.6104397207257,1.2027183298539916,11.80783095179667,62.82064598827098,Qualified,72.3111997160562,4
"Matzikama, Western Cape",Western Cape,B,470182570.0,482228876.0,-3.8111457265781823,60.09711768824446,-2.56204861018136,13.715781507866401,86.39358262304108,Unqualified - No findings,52.62851267212066,4
"Cederberg, Western Cape",Western Cape,B,453498352.0,445077822.0,6.656478569718534,59.55898752108569,1.8567939580957946,4.211141753991957,99.2192981298319,Unqualified - Emphasis of Matter items,75.14233627017607,4
"Bergrivier, Western Cape",Western Cape,B,523788209.0,518904975.0,16.817173063333996,58.13810786389215,0.932291700365481,2.345105864517872,30.14215103689623,Unqualified - No findings,82.14941443841397,4
"Saldanha Bay, Western Cape",Western Cape,B,1560877536.0,1493115682.0,6.387977512381388,67.17520694696711,4.341266527139,2.4631686910378323,81.56625612902226,Unqualified - No findings,75.86303883526583,4
"Swartland, Western Cape",Western Cape,B,1179043597.0,1025495281.0,13.746303314290923,31.30999870677471,13.023124538455894,1.3525383545865386,113.20483037272817,Unqualified - No findings,88.38082489254009,4
"Witzenberg, Western Cape",Western Cape,B,924741354.0,866586941.0,10.043866613032655,70.47410066637933,6.288722003017505,0.6798858511762411,85.11945426084029,Unqualified - No findings,80.47626595081908,4
"Drakenstein, Western Cape",Western Cape,B,3116282587.0,2991854599.0,4.800703916828279,58.4065065792329,3.9928339143269107,5.784494509119693,95.8057869384777,Unqualified - No findings,72.42911881923794,4
"Stellenbosch, Western Cape",Western Cape,B,2353993517.0,2243189638.0,11.204466243170119,,4.707059649901321,0.5536930890548274,88.85216040806233,Unqualified - No findings,84.18415612478414,3
"Breede Valley, Western Cape",Western Cape,B,1353773118.0,1396357786.0,5.239113036320335,62.36347500322387,-3.1456281288043715,0.0,84.83932730163087,Unqualified - No findings,75.97124270859032,4
"Langeberg, Western Cape",Western Cape,B,988391907.0,915008444.0,5.2239029129659045,45.57119295409934,7.424530945699052,0.0005927814148128232,77.94716907080979,Unqualified - No findings,83.17363776903883,4
"Theewaterskloof, Western Cape",Western Cape,B,708475583.0,897096253.0,7.149527438724014,70.27808755673477,-26.623453867146186,34.738869319522166,78.00453135821009,Qualified,45.75965416241552,4
"Overstrand, Western Cape",Western Cape,B,1767583929.0,1752801375.0,5.055272052145669,34.64380748629967,0.8363141210705135,0.2476407801768184,65.1565876292659,Unqualified - No findings,78.87071247700823,4
"Cape Agulhas, Western Cape",Western Cape,B,446508666.0,430491906.0,6.6849327940674454,38.01004758003179,3.587110669874434,33.56507799243037,92.94484670931173,Unqualified - No findings,64.39711028008391,4
"Swellendam, Western Cape",Western Cape,B,448023628.0,434102350.0,4.973319338169904,42.236591531052106,3.1072642445545307,14.861134246336146,89.03218756629117,Unqualified - No findings,68.21976050417702,4
"Kannaland, Western Cape",Western Cape,B,249929661.0,293239620.0,2.7321121340970227,76.34524906038837,-17.328859178503027,6.860313418766537,142.77289696320187,Disclaimer of opinion,52.08381409105498,4
"Hessequa, Western Cape",Western Cape,B,713963318.0,656190710.0,19.177880570726156,64.96278089128013,8.091817400624496,0.8376433735247487,75.93710598104094,Unqualified - No findings,86.46649825967683,4
"Mossel Bay, Western Cape",Western Cape,B,1573996589.0,1589763028.0,11.238185139125024,34.80536781282518,-1.001681903898967,1.6016565080163632,114.67014760848335,Unqualified - No findings,80.80762985915646,4
"George, Western Cape",Western Cape,B,2988369405.0,2942445927.0,31.731089278909288,48.65729369560916,1.5367403348181448,2.4235888702535195,64.53946624135162,Unqualified - No findings,84.98238656046735,4
"Oudtshoorn, Western Cape",Western Cape,B,811173976.0,811684973.0,0.8045706914916607,48.80571278757051,-0.06299474775063543,3.192385452724157,60.041706058645325,Unqualified - Emphasis of Matter items,66.63601654835344,4
"Bitou, Western Cape",Western Cape,B,909727746.0,874169906.0,-10.925001840546086,83.94724616491595,3.9086243281404767,6.2689333759792,85.58259945405398,Unqualified - Emphasis of Matter items,47.44483964619661,4
"Knysna, Western Cape",Western Cape,B,1129967600.0,1009162767.0,1.54813079028311,52.85242955270233,10.69099972423988,19.918509835391102,82.28826525254715,Unqualified - Emphasis of Matter items,62.626132459765564,4
"Laingsburg, Western Cape",Western Cape,B,104443731.0,120429865.0,-0.005676067144972719,,-15.305977531576309,59.53991893954211,66.23920196034261,Adverse opinion,24.037467755214696,3
"Prince Albert, Western Cape",Western Cape,B,97980752.0,104740974.0,25.122990206296915,60.09868528333925,-6.899540840429556,23.16478363090265,91.22090276884892,Unqualified - Emphasis of Matter items,66.64324431863409,4
"Beaufort West, Western Cape",Western Cape,B,406366476.0,405290429.0,,83.35535118977091,0.26479718764989857,8.531950059940844,92.68507765330844,Qualified,58.6976113947186,3
